Bukayo Saka,21,Left,Att Mid / Wingers,3872,0.3725585938,0.2561035156,0.2418212891,14.3125,2.4375,16.21875,39.9375,104.375,18.15625,2.087890625,1.4140625,1.815429688,3.181640625,4.46484375,2.8125,0.7172851563,1.740234375,0.4211425781,52.8125,35.125,6.60546875,4.53515625,1.862304688,127.375,4.921875,2.552734375,2.326171875,3.66796875,0.4387207031,0,78.1875,70.8125,83.9375,96.9375,74.9375,60.96875,70.9375,58.09375,73.0625,84.375,37.4375,82.125,47.625,84.25,76.8125,82.5625,63.78125,41.375,74.625,93.6875,90.625,74,65.375,88.3125,90.375,76.9375,90.5625,22.890625,39.75
Martinelli,21,Right,Att Mid / Wingers,3282,0.4079589844,0.3090820313,0.2734375,11.2890625,2.525390625,15.109375,36.34375,85.75,14.640625,1.888671875,1.256835938,1.400390625,3.041015625,4.03125,2.875,0.2208251953,0.986328125,0.2734375,48.65625,30.984375,6.99609375,4.25,1.970703125,106.1875,3.9453125,2.05859375,2.220703125,3.369140625,0.5463867188,0,81.6875,85.25,87.625,89.9375,82.5625,77.1875,60.4375,39.75,48.5,77.125,23.828125,64.6875,42.84375,77.125,77.0625,59.84375,24.203125,23,59.84375,89.8125,94.25,68.75,76.125,70.9375,81,57.59375,89.25,14.109375,45.53125
Gabriel Jesus,25,Right,Forwards,2318,0.3920898438,0.5634765625,0.2062988281,8.5078125,3.416015625,10.7890625,30.5625,73.0625,12.8125,1.473632813,1.51171875,0.8930664063,2.7578125,3.84375,2.0234375,0.03564453125,1.4765625,0.4274902344,47.65625,25.515625,8.546875,5.125,2.17578125,67.4375,2.021484375,1.435546875,1.280273438,3.490234375,1.826171875,0,68.75,90.6875,76.75,91.4375,85.4375,97.6875,82.3125,81.9375,79.625,77.5,76.125,73.5,77.375,97.0625,68.5625,66.75,87.875,77.25,92.5625,94.4375,99,92.8125,91.9375,76.125,61.21875,72.125,80.75,72.375,64.625
Leandro Trossard,28,Right,Att Mid / Wingers,2246,0.3200683594,0.25,0.2700195313,8.8203125,2.19921875,15.703125,39.3125,137.125,14.59375,1.799804688,2.48046875,2.19921875,4.96875,3.412109375,2.48046875,0.2800292969,0.8798828125,0.4799804688,50.65625,28.015625,5.328125,2.640625,1.16015625,92.0625,3.05078125,1.719726563,1.360351563,4.44921875,0.2800292969,0,78,70,88,74,66,72,70,82,51.03125,74,74,95,81,60,66,68,20,54.96875,68,80,76,28,35,60,53.96875,43,66,41,22
Eddie Nketiah,23,Right,Forwards,1607,0.3364257813,0.6411132813,0.09063720703,7.27734375,3.52734375,12.234375,22.34375,27.625,10.8046875,0.6147460938,0.6694335938,0.6196289063,1.401367188,2.1875,1.122070313,0,0.7797851563,0.05422973633,35.0625,19.9375,7,3.080078125,1.12109375,58.125,2.96484375,1.790039063,1.458984375,2.408203125,0.8974609375,0,62.65625,95.375,41.53125,75.5625,90.625,83.4375,51.25,21.3125,70.4375,23.21875,30.09375,52.84375,35,48.9375,26.546875,35.25,50.96875,14.546875,56.28125,72.3125,93.0625,71.8125,63.78125,64.9375,85.1875,77.0625,80.4375,39.09375,29.765625
Fabio Vieira,22,Left,Midfielders,1179,0.1574707031,0.2414550781,0.2934570313,6.5625,2.29296875,18.578125,44.28125,147.125,17.625,1.908203125,3.890625,1.602539063,5.19140625,4.046875,2.5234375,0.7622070313,0.7622070313,0.5361328125,55.03125,26.796875,4.046875,2.671875,0.6098632813,63.03125,1.676757813,1.676757813,0.2307128906,5.41796875,0.3833007813,0,75,87.1875,90.0625,92.4375,90.0625,63.25,45.84375,35.0625,47.46875,87.3125,58,85.1875,60.90625,88.6875,78.3125,88.4375,5.3046875,19.8125,46.125,91.4375,96.1875,80.6875,41.4375,32.9375,66.8125,65.125,62.28125,35.28125,21.1875
Reiss Nelson,23,Right,Att Mid / Wingers,298,0,0.2100830078,0.1500244141,9.65625,2.109375,16.203125,37.4375,76.4375,16.015625,1.208984375,0.91015625,1.208984375,1.809570313,2.109375,0.91015625,0.6000976563,1.809570313,0.3000488281,51.625,29.296875,4.23046875,4.53125,2.109375,78.5625,2.41796875,2.41796875,1.208984375,5.12890625,0.6000976563,0,18,62,51,76,50,79,56,31,58,36,18,42,16,16,5,72,84,31,58,77,64,66,69,31,28,69,59.03125,74,63.03125
Nicolas Pépé,27,Left,Forwards,2021,0.2216796875,0.3161621094,0.1734619141,8.7734375,2.76171875,17.75,40.875,105.625,19.59375,1.739257813,1.829101563,1.110351563,3.20703125,3.740234375,2.318359375,0.6650390625,1.33984375,0.2658691406,53.34375,26.234375,4.9453125,4.36328125,1.962890625,108.875,2.984375,1.963867188,1.473632813,4.14453125,0.623046875,0,52.40625,76.5,54.5,78.8125,81.25,42.875,71.5625,49.40625,84.1875,69.8125,47.03125,57.40625,50.78125,63.40625,52.09375,80.25,56.15625,26.65625,71.3125,85.375,77.6875,75,79.625,66.375,55.0625,45.6875,84.0625,46,30
Ollie Watkins,27,Right,Forwards,3128,0.3999023438,0.4299316406,0.1099853516,5.640625,2.419921875,12.6015625,16.296875,24.1875,7.51171875,0.8901367188,0.66015625,0.4599609375,1.120117188,2.26953125,1.469726563,0,0.5498046875,0.2900390625,26.6875,14.046875,4.71875,1.870117188,0.5200195313,33.5,1.440429688,0.6899414063,0.919921875,1.700195313,2.009765625,0,69,77,48,52,52,75,13,11,25,47,26,36,16,50,47,33,21,62,13,28,59.96875,38,18,35,43,28,67,3,70
Jacob Ramsey,21,Right,Midfielders,2636,0.1999511719,0.1700439453,0.1700439453,4.05859375,1.129882813,15.8984375,30.34375,91,15.15625,1.4296875,2.2890625,0.9599609375,3.349609375,2.771484375,2.359375,0,2.359375,0.7905273438,42.5,14.40625,2.900390625,2.630859375,1.059570313,90.6875,3.2109375,2.119140625,0.7202148438,4.80859375,0.5498046875,0,84,86,86,70,56,85,9,9,24.015625,79,19,54.96875,29,60,68,20,64,33,10,50,83,79,65,73,91,86,89,13,28
John McGinn,28,Left,Midfielders,2692,0.0299987793,0.08001708984,0.08996582031,2.2109375,1.400390625,23.59375,34.375,161.5,12.5,0.6000976563,3.810546875,0.669921875,4.6796875,2.669921875,1.870117188,0.330078125,2.2109375,0.7998046875,45.0625,12.96875,1.500976563,2.33984375,1.500976563,60.125,1.139648438,1.169921875,0.2700195313,5.8828125,0.740234375,0,34,43,43,53,70,23,17,50,12.0078125,19,58.96875,39,53,55,50,78,57,35,13,42,49,72,88,33,45,51,61,40,40
Emi Buendía,26,Right,Att Mid / Wingers,2412,0.1899414063,0.2399902344,0.2099609375,5.109375,1.830078125,15.8984375,38.0625,115.3125,16.1875,1.530273438,3.130859375,1.530273438,5.1484375,3.359375,2.689453125,0.07000732422,1.940429688,0.75,49.84375,19.25,3.470703125,2.19921875,1.009765625,73.5,2.240234375,1.719726563,0.7099609375,5.1484375,0.8598632813,0,49,64,76,23,41.96875,67,66,69,65,61,87,72,83.9375,56.96875,74,51,78,80,66,25.984375,41.96875,16,23,31,28,41.96875,30,66,71
Leon Bailey,25,Left,Att Mid / Wingers,1967,0.1800537109,0.2399902344,0.2199707031,8.328125,2.330078125,18.09375,25.03125,58.84375,8.6875,1.370117188,0.8701171875,0.9599609375,1.280273438,2.83984375,1.830078125,0.09002685547,0.6401367188,0.2700195313,37.1875,20.859375,4.0703125,5.078125,1.830078125,77.9375,3.890625,1.509765625,1.740234375,3.287109375,1.099609375,0,48,69,78,66,70,36,13,13,7,51,11,38,4,32,26.984375,53.03125,7,21,11,41,58,86,72,39,81,26,79,11,80
Danny Ings,30,Right,Forwards,1599,0.3400878906,0.3798828125,0.119934082,5.0703125,2.25,13.8984375,17.453125,33.25,7.76953125,0.83984375,1.009765625,0.3400878906,1.349609375,1.580078125,1.290039063,0,1.0703125,0.2299804688,27.921875,13.7265625,4.83984375,1.91015625,0.83984375,29.265625,1.349609375,0.7900390625,0.6801757813,2.58984375,1.41015625,0,64,59,53,42,40,60,25,35,30,38,50,25,35,11,36,33,69,45,19,21,65,40,42,23,36,30.984375,42,45,45
Philippe Coutinho,30,Right,Att Mid / Wingers,788,0.1099853516,0.1600341797,0.05999755859,7.7734375,2.400390625,21.59375,43.875,111.5,20.5625,0.91015625,3.4296875,0.91015625,5.48046875,2.740234375,2.169921875,0.1099853516,2.169921875,0.4599609375,57.125,24.328125,2.740234375,3.8828125,1.599609375,84.375,2.060546875,3.19921875,0.5698242188,4.6796875,0.3400878906,0,25,37,4,60,73,8,85,65,88,19,88,35,91,28,48,55,84,51,85,68,21,60,60,48,20,93,20,52,32
Jhon Durán,19,,Forwards,1367,0.5297851563,0.5297851563,0.1199951172,6.12109375,3.94921875,16,20.34375,40.15625,8.359375,0.5297851563,0.8598632813,0.330078125,1.379882813,1.83984375,0.7900390625,0,0.8598632813,0.1999511719,34.5625,15.140625,4.8046875,2.109375,0.66015625,45.9375,1.91015625,1.120117188,0.8598632813,2.76953125,3.029296875,0,75,93,51,49,93,34,40,45,36.03125,9.0078125,34,21,25,21.984375,7,34,70,49,61,40,57,67,37,70,76,75,68,71,84
Cameron Archer,21,,Forwards,1368,0.7202148438,0.419921875,0.2800292969,6.91015625,2.4296875,13.796875,21.3125,27.5,11.78125,1.639648438,0.7202148438,0.5297851563,1.25,2.890625,1.969726563,0,0.330078125,0.07000732422,31.25,18.09375,6.12109375,3.029296875,1.379882813,44.09375,1.969726563,1.120117188,1.450195313,1.83984375,0.07000732422,0,99,90.9375,99,80,66,67,48.03125,22,82,94,34,49,24.015625,81,84,37,10,4,41,66,95,82,85,64,70,64,94,8,1
Philip Billing,26,Left,Midfielders,2764,0.2299804688,0.16015625,0.09997558594,3.2890625,1.240234375,18.296875,34.34375,103.0625,14.9765625,0.8500976563,1.599609375,0.2900390625,2.599609375,1.759765625,1.33984375,0.07000732422,2.05078125,1.009765625,45.90625,13.9375,2.310546875,1.530273438,0.8500976563,55,1.200195313,1.009765625,0.1999511719,4.75,1.690429688,0,87,84,54,61,66,63,16,11.9921875,20,43,5,11.9921875,10,23,25,55,47.96875,50,15,45,69,44,50,25,51,44,54,11,90
Dominic Solanke,25,Right,Forwards,2860,0.1899414063,0.2900390625,0.1199951172,5.26171875,2.390625,12.796875,16.765625,34.8125,7.078125,0.66015625,0.6899414063,0.5400390625,1.48046875,1.919921875,1.129882813,0.0299987793,0.4699707031,0.1899414063,31.84375,14.28125,5,3.4609375,1.419921875,54.21875,2.19921875,1.259765625,1.129882813,2.740234375,1.639648438,0,28,42,52,48.03125,47,70,14,40,18,14,28,45,38,31,18,69,16,38,33,31,69,81,79,58,67,64,77,55,53
Ryan Christie,27,Left,Att Mid / Wingers,1834,0.04998779297,0.1400146484,0.1199951172,3.482421875,1.620117188,14,31.953125,99.5,13.6953125,1.469726563,2.109375,0.9301757813,3.482421875,3.240234375,2.359375,0.25,1.669921875,1.280273438,46.125,17.1875,2.990234375,4.21875,1.8203125,71.75,1.909179688,1.669921875,0.6401367188,6.48046875,0.7900390625,0,12,24,31,7,29,89,39,55.03125,41,59,68,36,54,51,58,65,56,97,51,18,28,68,71,28,16,37,26.015625,92,69
Marcus Tavernier,23,Left,Att Mid / Wingers,1743,0.2600097656,0.1600341797,0.1500244141,7.0703125,1.909179688,17.296875,37.375,125.5,14.71875,0.9799804688,1.759765625,0.8295898438,2.890625,2.48046875,1.599609375,0.3601074219,1.700195313,0.4599609375,52.0625,23.234375,3.05078125,4.9609375,2.3203125,104.75,3.4609375,2.220703125,1.080078125,6.3984375,0.8798828125,0,68,38,53,49,48,46,63.03125,74,53,25,58,28,39,19,14,71,58,52,73,58,30.015625,82,91,71,71,66,49,91,72
Dango Ouattara,20,Left,Midfielders,2788,0.2255859375,0.2824707031,0.1800537109,7.68359375,2.517578125,15.5703125,25.109375,74.25,8.6875,1.327148438,1.2890625,1.291015625,2.00390625,3.451171875,1.840820313,0.06451416016,2.224609375,1.028320313,41.5,18.5,4.77734375,4.9375,1.90625,92,3.32421875,1.6484375,1.647460938,4.96875,2.1640625,0,71.625,89.75,68.5625,80.5,91.4375,77.25,6.55078125,8.6640625,5.44140625,54.34375,11.2265625,67.25,8.21875,68.0625,36.46875,43.25,72.125,72.125,17.4375,48.5625,90.125,82.875,76.375,51.125,79.5625,45.03125,95.8125,41.75,96.1875
Kieffer Moore,30,Right,Forwards,1504,0.2379150391,0.3234863281,0.02897644043,4.12890625,1.735351563,11.9453125,24.875,34.8125,8.125,0.537109375,1.140625,0.4167480469,1.794921875,1.438476563,1.140625,0,0.9013671875,0.1790771484,36.90625,13.46875,3.650390625,0.8334960938,0.1189575195,19.921875,0.71484375,0.5952148438,0.1787109375,1.973632813,4.73046875,0,44.75,50.5625,9.9765625,15.625,21.21875,88.3125,64.8125,42.75,34.09375,13.265625,55.9375,33.25,51.84375,14.46875,19.96875,34.625,58.375,21.859375,63.28125,20.0625,20.71875,6.7421875,5.08984375,9.796875,12.4375,16.734375,11.328125,15.4921875,96.1875
Jaidon Anthony,23,Right,Midfielders,1257,0.2099609375,0.1600341797,0.07000732422,5.16015625,1.580078125,19.296875,37.65625,115.25,16.109375,0.8598632813,1.719726563,1.360351563,3.509765625,2.720703125,2,0.2099609375,2.150390625,0.7202148438,51.34375,21.765625,2.359375,3.369140625,1.0703125,73.875,2.220703125,1.790039063,0.9301757813,5.73046875,0.7202148438,0,86,83,39.03125,80.9375,77,55.96875,24,20.015625,36,44,8,83,34,58,55.03125,70,51,27.984375,36,81.9375,70,90,68,50,75,79.0625,91,38,36
Hamed Junior Traorè,22,Right,Att Mid / Wingers,591,0,0.1500244141,0.2700195313,5.484375,1.219726563,20.109375,37.3125,125.3125,13.25,2.58984375,2.58984375,1.0703125,3.962890625,3.962890625,3.197265625,0.759765625,1.6796875,0.3000488281,46.90625,19.34375,3.650390625,2.279296875,0.6098632813,91.375,2.130859375,1.0703125,1.0703125,5.33203125,0.4599609375,0,5,42.96875,91,30.984375,11,33,55,67,33,96,69,40,69,68,89,87.0625,73,35,52,35,53,30.984375,13,57,28,8,64,80,37
Antoine Semenyo,22,,Forwards,1249,0.4299316406,0.3601074219,0.1400146484,7.77734375,2.740234375,14,22.421875,44.6875,7.9296875,0.7202148438,1.23046875,0.5,1.870117188,1.870117188,1.150390625,0,0.580078125,0.3601074219,36.375,20.75,6.26953125,3.029296875,1.58984375,58.59375,2.23046875,1.150390625,1.080078125,2.947265625,3.240234375,0,86,78,75.9375,93,79,63,61.96875,55,45,26.984375,63,45,58.03125,37,28,37,26,66,66,89,96,84.0625,89,80,79,68,84.0625,53.96875,65
Jamal Lowe,28,Right,Forwards,1374,0.1300048828,0.09002685547,0.09002685547,5.171875,0.9799804688,18.90625,18.015625,43.875,6.421875,0.66015625,0.7900390625,0.66015625,1.309570313,1.700195313,1.1796875,0,0.7900390625,0.4599609375,28.4375,14.7421875,3.2109375,2.16015625,0.7900390625,36.875,1.379882813,0.66015625,0.7202148438,3.599609375,0.9799804688,0,18,4,44,40,2,7,27,53,23,16,39,62,30,25,29,37,52,80,20,30,25,60,54,51,47,34,58,70,26
Bryan Mbeumo,23,Left,Att Mid / Wingers,3140,0.2314453125,0.2651367188,0.2309570313,7.2265625,2.06640625,15.9140625,30.859375,99.375,11.8046875,1.60546875,1.1796875,1.34375,2.61328125,3.0078125,1.892578125,0.86328125,0.75,0.3989257813,41.34375,23.0625,3.6953125,2.728515625,1.315429688,56.75,1.944335938,1.029296875,0.779296875,4.06640625,1.143554688,0,60.34375,72.3125,79,52.65625,58.03125,59.875,35.84375,54.5,23.25,62.625,25.375,64.9375,27.84375,38.875,41.1875,90.8125,11.625,40.53125,24.75,57.25,52.96875,32.03125,44.375,10.3671875,17.890625,7.96484375,37.46875,28.984375,79.875
Ivan Toney,26,Right,Forwards,2952,0.4299316406,0.3999023438,0.1600341797,5.03125,2.650390625,16.5,24,62.125,9.1171875,0.8198242188,1.650390625,0.7900390625,2.41015625,2.009765625,1.190429688,0.1199951172,0.7001953125,0.4299316406,37.1875,16.984375,4.76171875,1.650390625,0.4899902344,22.078125,0.4299316406,0.6401367188,0.2399902344,3.140625,3.3203125,0,72,70,70,40,62,19,58,70,43,36,82,69,70,36,28,91,40,79,65,55,64,33,16,9,4,18,11,67,91
Yoane Wissa,26,Right,Att Mid / Wingers,1606,0.3898925781,0.3100585938,0.1400146484,5.828125,1.790039063,14.1015625,19.28125,33.6875,9.1875,0.7299804688,1.1796875,0.4501953125,1.509765625,2.01953125,1.629882813,0,0.9501953125,0.3400878906,28.96875,15.015625,3.470703125,2.470703125,1.120117188,36.875,1.349609375,0.669921875,0.6201171875,3.87109375,1.349609375,0,85,85,47,32,39,87,2,2,9,8,24,4,5,10,16,16,22,28,2,10,43,23,30.984375,1,7,2,25,25,82
Mikkel Damsgaard,22,Right,Midfielders,988,0,0.2399902344,0.1300048828,4.1015625,1.08984375,15,37.0625,130.875,14.2109375,1,3.279296875,0.91015625,4.01171875,2.279296875,1.8203125,0.2700195313,2.8203125,0.91015625,48.1875,15.109375,2.4609375,2.099609375,0.8198242188,52.28125,0.8198242188,0.8198242188,0.09002685547,6.37890625,0.91015625,0,16,93,62,72,53.03125,92,21,30,16,53.96875,49,52.03125,40,43,49,76,85,43,21,55.96875,72,67,47,22,26.015625,24,33,59,55.96875
Kevin Schade,21,Right,Att Mid / Wingers,732,0,0.2600097656,0.1400146484,7.01171875,1.48046875,11.8984375,21.265625,35.03125,7.62109375,0.9799804688,0.9799804688,0.6098632813,1.83984375,3.3203125,1.83984375,0,1.48046875,0.4899902344,35.78125,20.296875,5.8984375,4.30078125,1.48046875,61.59375,2.94921875,1.48046875,1.83984375,4.05859375,3.689453125,0,4,72,44,48,21,97,5,3,3,27,13,10,9,54,31,16,47,58,8,35,88,71,54,18,53,24,81,29,99
Solly March,28,Left,Att Mid / Wingers,2716,0.2299804688,0.2700195313,0.2797851563,11.8359375,2.44921875,16.203125,43.46875,133.5,14.6875,2.220703125,2.08984375,1.719726563,4.4765625,4.640625,3.01953125,0.5,1.759765625,0.7998046875,55,31.890625,4.5703125,3.779296875,1.919921875,101.875,3.650390625,1.58984375,1.559570313,4.140625,0.9599609375,0,62,75,89,94,80,60,84,78,52,92,66,80,74,90,86,79,63,85,80,92,69,55,78,68,74,29,71,30,75
Kaoru Mitoma,25,,Att Mid / Wingers,2318,0.2700195313,0.3100585938,0.25,10.09375,2.01953125,13.203125,37.9375,91.5,19.6875,1.58984375,1.75,1.08984375,3.490234375,4.19140625,3.029296875,0.04000854492,1.709960938,0.66015625,50.9375,27.8125,6.8671875,5.0078125,2.25,148.625,5.546875,3.1796875,3.30078125,4.66015625,0.7001953125,0,70,86,86,86,55,94,65,47,84.0625,64,56,48,55,84.0625,87,36,60,70,69,77,93,84.0625,90,96,96,91.9375,97,51,61.96875
Danny Welbeck,32,Right,Forwards,1854,0.2900390625,0.4597167969,0.2099609375,6.5,3.009765625,14.109375,21.453125,42.34375,11.84375,1.459960938,1.549804688,0.7299804688,2.380859375,3.16015625,2.380859375,0,0.7299804688,0.2399902344,33.625,18.25,5.6796875,2.1796875,1.0703125,42.625,1.5,0.8701171875,0.490234375,1.799804688,1.549804688,0,52.96875,81,82,67,74,57.96875,45,48,70,81,79,62,67,79,86,33,42,50,47,62,79,48,57.96875,45,50,40,21,8,47
Leandro Trossard,28,Right,Att Mid / Wingers,2246,0.3200683594,0.25,0.2700195313,8.8203125,2.19921875,15.703125,39.3125,137.125,14.59375,1.799804688,2.48046875,2.19921875,4.96875,3.412109375,2.48046875,0.2800292969,0.8798828125,0.4799804688,50.65625,28.015625,5.328125,2.640625,1.16015625,92.0625,3.05078125,1.719726563,1.360351563,4.44921875,0.2800292969,0,78,70,88,74,66,72,70,82,51.03125,74,74,95,81,60,66,68,20,54.96875,68,80,76,28,35,60,53.96875,43,66,41,22
Adam Lallana,34,Right,Att Mid / Wingers,722,0.25,0.1099853516,0.1199951172,5.359375,1,13.296875,39.53125,81.75,21.5625,1.75,2.869140625,1.120117188,4.109375,2.740234375,2.740234375,0,1.120117188,0.25,46.5,18.8125,4.109375,0.75,0.3701171875,52.34375,1.25,0.5,0.5,3.119140625,1,0,64,15,35,25,3,93,71,36,90,69,80,51,66,29,77,16,36,19,52,23,60,1,1,7,6,1,16,8,77
Evan Ferguson,18,,Forwards,950,0.5698242188,0.5,0.07000732422,5.48828125,3.41015625,15.203125,21.3125,32.21875,12.4140625,1.040039063,0.3796386719,0.5698242188,1.330078125,2.080078125,1.419921875,0,0.5698242188,0.1898193359,32.59375,14.6875,3.689453125,1.330078125,0.7592773438,29.28125,1.040039063,0.3796386719,0.7592773438,2.369140625,0.849609375,0,91,86,21,49.96875,91,38,43,30.015625,72,60.03125,6,48,31,42,43,33,26,40,36,35,24.984375,14,38,24.984375,18,6,49.96875,35,24.984375
Julio César Enciso,18,,Att Mid / Wingers,806,0.4497070313,0.4497070313,0.1899414063,8.2578125,4.23828125,19.59375,28.8125,61.21875,14.0703125,1.450195313,1.559570313,1.009765625,3.4609375,5.01953125,3.130859375,0,1.450195313,0.4497070313,44.125,25.453125,5.46875,7.03125,3.4609375,113.125,4.3515625,3.240234375,1.900390625,4.01953125,0.669921875,0,88,93,66,64,97,22,25,16,43,56,46,43,53,95,91,16,46,48,40,71,78,97,97,79,86,94,84,28,59.96875
Deniz Undav,26,Both,Forwards,628,0.7202148438,0.6401367188,0.1600341797,5.73046875,3.869140625,13.796875,23.5,46.59375,12.0390625,1.150390625,1.150390625,0.4299316406,1.4296875,3.150390625,2.009765625,0,1,0,33.125,16.625,6.01953125,0.8598632813,0.5698242188,50.15625,1.719726563,0.8598632813,0.5698242188,3.009765625,0.7202148438,0,95.0625,95.0625,71,58.03125,95.0625,62,58.03125,54,71,68,61,31,37.03125,78,75.9375,33,63,3.001953125,41,53,88,5,25,54,56,39,31,61,22
Facundo Buonanotte,18,,Att Mid / Wingers,565,0.1600341797,0.2199707031,0.08001708984,6.69140625,1.75,16.90625,30.90625,83.625,16.09375,0.9599609375,1.4296875,1.588867188,2.0703125,2.23046875,1.91015625,0,0.3200683594,0.6401367188,41.09375,18.3125,3.029296875,3.029296875,1.120117188,67.5625,1.4296875,0.7998046875,0.3200683594,3.98046875,0.3200683594,0,38,61,13,46,38,48,36,38,65,24,38,72,15.0078125,16,40.96875,16,1,67,23,21.015625,29,40,31,24,9,4,9,28,29
Neal Maupay,26,Right,Forwards,1118,0.08001708984,0.3898925781,0.04998779297,4.91015625,2.58203125,14.296875,20.375,17.46875,10.0625,0.5600585938,0.6401367188,0.1600341797,0.8901367188,1.450195313,0.9702148438,0,0.8901367188,0.3999023438,31.15625,15.6171875,3.939453125,1.53125,0.5600585938,24.640625,0.6401367188,0.5600585938,0.2399902344,2.08984375,1.209960938,0,9,65,4,35,58,54.96875,35,2.998046875,54.96875,2.998046875,23,5.99609375,8,9,4,33,53,75,30,45,33,28,25,13,8,14,9,19,38
Kai Havertz,23,Left,Forwards,3188,0.1982421875,0.3562011719,0.1590576172,8.265625,2.6484375,12.96875,32.78125,71.25,16.625,1.408203125,1.750976563,0.9018554688,3.2734375,2.484375,2.0859375,0.0563659668,1.126953125,0.2303466797,45.4375,23.609375,5.98046875,2.337890625,0.8208007813,54.34375,2.146484375,1.30078125,0.9868164063,3.16015625,2.708984375,0,29.40625,51.46875,66,84.625,59.8125,68.4375,86.5,76.3125,92.5625,76.875,84.625,72.25,85.1875,54.96875,71.25,73,73.4375,50.4375,86.9375,87.5,84.5,50.53125,41.46875,59.8125,67.4375,64.25,70.125,64,85.5625
Raheem Sterling,28,Right,Att Mid / Wingers,2520,0.3249511719,0.2678222656,0.1875,9.109375,1.786132813,13.0546875,34.0625,74.3125,16.609375,1.466796875,1.358398438,1.46875,3.39453125,3.146484375,2.498046875,0.03500366211,0.9306640625,0.07507324219,44.9375,27.390625,5.53515625,4.109375,1.5390625,97.1875,3.71875,2.826171875,1.7890625,3.107421875,0.2875976563,0,74,72.5625,63.28125,75.8125,45.53125,93,45.5,25.25,62.28125,52.78125,31.515625,68.3125,41.5,43.28125,63.28125,24.5,23.5,3.751953125,38.28125,72.5625,81,67.3125,59.03125,60.78125,73.8125,82,80.3125,11.5,25.25
Mason Mount,23,Right,Midfielders,2274,0.1159667969,0.1188964844,0.1469726563,6.8125,2.017578125,20.265625,44.4375,138.875,20.421875,1.703125,3.322265625,1.619140625,5.81640625,3.361328125,2.33203125,0.552734375,1.897460938,0.4777832031,55.6875,25.171875,3.12890625,1.977539063,0.8706054688,76.8125,2.33203125,1.94140625,0.5537109375,4.8671875,0.5141601563,0,39.96875,28.3125,58.40625,50.8125,52.46875,25.265625,73.6875,69.5625,77,67.9375,76.5625,70.6875,87.25,50.59375,57.375,76.875,67.9375,39.09375,72.5625,70,41.15625,24.578125,24.578125,38.9375,40.375,54.21875,34.28125,48.84375,45.1875
João Félix,23,Right,Att Mid / Wingers,2384,0.3374023438,0.3940429688,0.1115722656,6.91015625,3.88671875,18.375,33.9375,96.9375,15.78125,0.9809570313,2.263671875,1.397460938,3.927734375,3.548828125,2.115234375,0.1136474609,1.20703125,0.19140625,46.59375,23.03125,3.88671875,4.71875,1.696289063,96.875,3.052734375,3.09765625,0.83203125,2.869140625,0.6801757813,0,70.5625,82.8125,35.46875,54.09375,93.3125,32.59375,57.09375,58.6875,67.5,34.78125,72.375,69.5,70.125,59.21875,45,45.9375,53.0625,29.265625,61.25,64.625,49.3125,81.5625,68.3125,72.125,64.6875,89.1875,41.28125,22.859375,39.8125
Christian Pulisic,24,Right,Att Mid / Wingers,1136,0.1599121094,0.2232666016,0.1300048828,8.234375,2.216796875,17.109375,35,76.0625,15.2890625,1.666992188,1.819335938,0.5546875,3.248046875,3.009765625,2.376953125,0.2384033203,1.032226563,0.3181152344,49.09375,26.6875,5.30859375,4.671875,1.348632813,133.25,4.59765625,3.64453125,1.740234375,3.330078125,0.5551757813,0,37.3125,55.4375,29.1875,64.375,63.15625,48.625,51.5625,32.1875,56.1875,53.0625,54.53125,16.03125,43.09375,36.75,59.71875,32.09375,37.625,35.84375,59.5625,70.75,76.4375,76.6875,53.9375,86.625,83.75,95.3125,75,16.9375,54.625
Mykhailo Mudryk,21,Right,Midfielders,1267,0.2117919922,0.2215576172,0.1199951172,5.68359375,1.846679688,19.03125,27.984375,80.25,13.7109375,1.206054688,1.138671875,1.06640625,2.486328125,2.556640625,1.702148438,0.4245605469,1.278320313,0.07220458984,41.6875,20.453125,3.556640625,5.61328125,1.84765625,110.75,3.689453125,3.125,1.209960938,4.46875,0.3527832031,0,48.28125,79.6875,51.34375,60.03125,64.5,44,16.96875,26.8125,29.109375,54.3125,19.109375,57.25,19.4375,39.8125,31.1875,78.875,30.1875,1.481445313,23.65625,65,71.8125,93.3125,80.5625,72.125,81.0625,89.8125,69.9375,34.3125,33.53125
Noni Madueke,20,Left,Att Mid / Wingers,643,0.1400146484,0.1300048828,0.07000732422,14,1.6796875,15.59375,40.03125,107.9375,19.1875,1.8203125,1.540039063,1.8203125,5.0390625,3.359375,2.66015625,0,1.6796875,0.5600585938,56.6875,32.625,8.6796875,8.8203125,4.6171875,168.375,6.71875,2.939453125,3.640625,4.19921875,0.2800292969,0,36,19,10,98,32,73,72,63,80,75,45,87,82,58.03125,72,16,57,63,84,93,98,99,99,97,98,88,98,32,21
Hakim Ziyech,29,Left,Att Mid / Wingers,1296,0.06860351563,0.07019042969,0.2020263672,6.9375,1.806640625,24.90625,49.03125,177.5,18.46875,1.459960938,2.5,1.805664063,4.86328125,3.609375,2.498046875,0.6918945313,2.083984375,1.04296875,62.21875,26.8125,1.732421875,4.30078125,1.807617188,92.625,2.7734375,2.359375,0.6948242188,5.20703125,0.2106933594,0,30.453125,5.98046875,62.65625,49.1875,49.3125,2.021484375,85.125,90.5625,78.1875,55.03125,76.0625,71.5625,83.6875,64.4375,64.125,76.125,81.25,84.75,86.6875,58.25,12.5703125,69.625,76.9375,59.9375,44.9375,64.1875,39.0625,76.6875,23.53125
Pierre-Emerick Aubameyang,33,Right,Forwards,957,0.2822265625,0.353515625,0.08685302734,5.64453125,2.916015625,12.859375,20.03125,37.90625,9.40625,0.9404296875,0.5600585938,0.5600585938,1.319335938,1.505859375,1.217773438,0,0.09265136719,0.1853027344,28.3125,14.296875,4.796875,0.4692382813,0.2836914063,,1.501953125,0.9360351563,1.50390625,,0.5659179688,0,40.46875,47.6875,30.796875,41.625,65.4375,72.4375,32.3125,37.625,44.96875,32.59375,14.046875,38.375,25.015625,13.046875,20.734375,35.9375,3.421875,46.46875,19.9375,29.953125,50.75,3.580078125,11.4765625,,57.9375,56.46875,33.375,,44.15625
Callum Hudson-Odoi,22,Right,Att Mid / Wingers,1066,0.08648681641,0.08624267578,0.1676025391,8.0234375,1.015625,19.703125,39.0625,123.25,17.734375,1.938476563,2.701171875,1.432617188,5.23046875,4.05859375,3.2109375,0.5092773438,0.5888671875,0.4255371094,45.4375,20.859375,2.1953125,3.884765625,1.942382813,134.125,4.7265625,3.291015625,1.09765625,3.96875,0.08648681641,0,23.203125,16.28125,42.3125,61.96875,16.671875,29.34375,61.15625,62.15625,64.125,76.125,70.5625,56.5625,83.9375,70.5625,82.75,79.1875,16.515625,40.9375,44.46875,39.4375,19.140625,69.6875,74.8125,89.8125,92.125,88.625,60.875,35.34375,11.375
Michael Olise,21,Left,Att Mid / Wingers,2748,0.07000732422,0.09002685547,0.2800292969,7.9609375,1.670898438,21.09375,46.5,164.375,16.953125,2.359375,2.359375,1.740234375,4.3515625,4.6796875,2.4609375,1.209960938,1.900390625,0.8500976563,60.28125,29.828125,2.8203125,4.62109375,1.76953125,110.1875,3.630859375,2.419921875,1.240234375,5.3984375,0.5600585938,0,14,9,90,61,31,11,87,91,73,94,73,84,69,92,64,96.0625,76,90,88,86,23,77,68,76,73,76,62,71,53
Jordan Ayew,31,Right,Att Mid / Wingers,2714,0.1300048828,0.1099853516,0.1099853516,5.76953125,1.059570313,16.09375,29.015625,56.5625,14.390625,1.030273438,1.129882813,0.6298828125,2.08984375,2.58984375,1.759765625,0,2.189453125,0.5,44,18.5625,3.25,4.94140625,2.16015625,78.6875,2.75,1.66015625,1.030273438,5.5,1.66015625,0,31,12.0078125,27,29,8,62,27,10,46,31,22,11,16,20,22,16,87,59,38,22,35,81,85,42,46,34,47,74,90
Eberechi Eze,24,Right,Midfielders,2636,0.3100585938,0.2199707031,0.1500244141,4.3984375,2.390625,21.90625,40.21875,133.25,18.125,1.950195313,3.001953125,1.200195313,4.46875,4.03125,2.359375,0.7202148438,1.4296875,0.4399414063,51.71875,20.546875,2.869140625,4.171875,2.419921875,81.875,2.359375,1.950195313,0.9599609375,6.1484375,0.6499023438,0,97,90,77,74,93,33,33,31,48.03125,91,38,72,49,92,68,91,13,7,38,80,81,96.0625,99,63,80,81,92,54,34
Jeffrey Schlupp,30,Left,Midfielders,2532,0.1099853516,0.1099853516,0.04995727539,2.380859375,1,17.5,32,99.5,12.0234375,0.6401367188,2.099609375,0.3898925781,3.48046875,1.559570313,1.209960938,0,2.349609375,0.8203125,42.40625,10.421875,1.709960938,1.990234375,1.0703125,43.8125,1.139648438,0.8901367188,0.3898925781,5.32421875,0.919921875,0,59,63,26,55,40,73,11,10,9,25,12,22,33,17,16,20,62,36,10,28,54,61,67,14,45.96875,33,70,26,58
Wilfried Zaha,30,Right,Att Mid / Wingers,2288,0.2800292969,0.1899414063,0.1100463867,9.359375,2.51953125,16.796875,25.5625,62.6875,12.6796875,1.01953125,0.7099609375,1.610351563,2.951171875,3.580078125,2.240234375,0,1.259765625,0.6298828125,40.90625,22.296875,5.62890625,5.390625,2.16015625,84.125,3.380859375,1.690429688,2.3203125,3.8203125,0.2399902344,0,71,48,28,80,84,50,16,19,31,30,8,73,41,69,51.03125,16,40,66,22.015625,51.03125,80,91,86,47,66,38,91,22.984375,16
Odsonne Édouard,24,Right,Forwards,1803,0.25,0.2100830078,0.06002807617,4.98828125,1.950195313,12.5,20.5625,26.703125,10.578125,0.8500976563,0.4501953125,0.4501953125,1.598632813,2.19921875,1.598632813,0,1.25,0.1500244141,33.53125,14.625,4.73828125,2.30078125,0.7993164063,31.59375,1.450195313,1.049804688,1.049804688,2.75,2.05078125,0,47,16,13.0078125,36,25,78,36,19,62,42,9,35,47,47,55,33,81,26.015625,42,33,62,52.03125,40,30,45,55,72,57,72
Jean-Philippe Mateta,25,Right,Forwards,770,0.2299804688,0.3999023438,0.07000732422,5.03125,3.16015625,12.203125,17.421875,18.125,8.1796875,0.580078125,0.4699707031,0.1199951172,0.7001953125,0.9399414063,0.3500976563,0,0.8198242188,0.3500976563,31.09375,13.90625,4.44140625,0.9399414063,0.3500976563,29.34375,1.049804688,1.049804688,0.580078125,2.689453125,3.0390625,0,38,69,28,38,79,86,23,6,33,6,14,3,4,1,1,33,47,70,28,23,47,8,4,26,19,57,33,47,89
Naouirou Ahamada,20,Right,Midfielders,1398,0.1300048828,0.04998779297,0.08001708984,3.48046875,1.030273438,22.09375,34.0625,106.3125,14.359375,0.9702148438,2.44921875,0.4499511719,3.609375,2.44921875,2,0,1.08984375,0.5200195313,43.375,10.296875,1.419921875,2.830078125,1.290039063,97.25,2.76953125,1.740234375,0.3898925781,5.671875,0.4499511719,0,54,32,49,69,46,34,32,24,48,59,37,26,42,55,69,27,6,13,28.015625,36,47,78,79,84,92,83,74,32,13
Malcolm Ebiowei,19,,Att Mid / Wingers,524,0,0.1500244141,0.1199951172,9.1015625,2.23046875,21.203125,33.15625,104.0625,12.3671875,1.030273438,1.55078125,1.030273438,2.580078125,3.779296875,1.889648438,0.1700439453,2.580078125,0.8598632813,49.96875,24.21875,3.607421875,10.4765625,4.640625,94.8125,3.08984375,2.060546875,1.55078125,6.01171875,0.6899414063,0,5,46,51,95,76,15,54,58,56,38,47,60,43.96875,84,51,61.96875,96.0625,81,69,82,68,98.9375,98.9375,83,76,74,87.9375,87,45
Alex Iwobi,26,Right,Midfielders,3378,0.04998779297,0.07000732422,0.1600341797,3.859375,1.120117188,21,40.90625,175,14.578125,1.709960938,3.5703125,1.6796875,5.171875,3.19921875,2.419921875,0.2399902344,1.83984375,0.669921875,50.9375,18.890625,1.5703125,2.9296875,1.469726563,91.5,2.400390625,2.099609375,0.3999023438,6.90234375,0.2700195313,0,44,38,83,68,55,40,38,61.03125,18,89,52,90,60,75,76,73,35,21,33,70,51,83,86,75,81,85,71,74,6
Dwight McNeil,23,Left,Att Mid / Wingers,2498,0.25,0.1300048828,0.2199707031,4.609375,1.66015625,20.5,35.5625,136.75,12.0703125,1.76953125,1.620117188,0.9702148438,2.490234375,3.888671875,1.91015625,1.299804688,2.310546875,1.120117188,48.9375,22.125,2.19921875,3.888671875,1.950195313,77.25,2.740234375,1.58984375,0.580078125,6.3125,0.5,0,65,20,79,14,30,15,58.03125,81,26,72,48,39,25.015625,77,41,98,90,95,64,48,11,61,79,37,45,28,22,88,45.96875
Demarai Gray,26,Right,Att Mid / Wingers,2508,0.07000732422,0.1700439453,0.1400146484,7.13671875,2.05078125,19.515625,30.078125,79.5,10.3828125,1.330078125,1.080078125,0.6499023438,1.650390625,3.369140625,1.469726563,0.900390625,1.1796875,0.4699707031,42.40625,23.40625,3.73046875,3.30078125,1.1796875,88.5,3.369140625,2.23046875,1.719726563,3.51953125,0.4699707031,0,15.0078125,41,46.03125,52,58,24,31,35,14,43,19,14,7,59,12,94,37,53.03125,27,61,51,48,37,54,65,69,78.0625,16,40
Dominic Calvert-Lewin,25,Right,Forwards,1165,0.08001708984,0.3898925781,0.05999755859,4.328125,2.3203125,11.796875,17.0625,24.5625,6.41015625,0.7001953125,1,0.3103027344,1.16015625,1.849609375,1.241210938,0,0.3103027344,0.2299804688,29.046875,15.453125,4.55859375,2.16015625,1.16015625,31.3125,1.389648438,0.8500976563,0.7700195313,2.16015625,5.1015625,0,8,64,14,11,43,92,16,13,13,19,48,16,19,26,29.984375,33,6,47,23,43,52,47,62,28,41.96875,38,55,23,99.0625
Anthony Gordon,21,Right,Att Mid / Wingers,1582,0.2299804688,0.2800292969,0.09002685547,6.37109375,1.928710938,16,27.1875,66.6875,12.2265625,0.7998046875,1.080078125,0.91015625,1.928710938,2.220703125,1.309570313,0.05999755859,2.73046875,0.3400878906,42.03125,20.078125,4.2109375,3.751953125,1.01953125,69.4375,2.73046875,2.05078125,1.370117188,4.609375,0.509765625,0,60.03125,77,16,42,52,64,22,23,27,13,20,32,11,15.0078125,5,42,97,30.015625,26,32,61,54,25,26,44,57,68,44,47
Neal Maupay,26,Right,Forwards,1118,0.08001708984,0.3898925781,0.04998779297,4.91015625,2.58203125,14.296875,20.375,17.46875,10.0625,0.5600585938,0.6401367188,0.1600341797,0.8901367188,1.450195313,0.9702148438,0,0.8901367188,0.3999023438,31.15625,15.6171875,3.939453125,1.53125,0.5600585938,24.640625,0.6401367188,0.5600585938,0.2399902344,2.08984375,1.209960938,0,9,65,4,35,58,54.96875,35,2.998046875,54.96875,2.998046875,23,5.99609375,8,9,4,33,53,75,30,45,33,28,25,13,8,14,9,19,38
Ellis Simms,21,Right,Forwards,1127,0.5600585938,0.3898925781,0.1700439453,5.828125,2.560546875,13.3984375,20.359375,34.75,8.0703125,1.200195313,1.040039063,0.2399902344,1.360351563,2,1.51953125,0,0.3200683594,0.1600341797,31.46875,16.84375,4.62890625,2.080078125,0.4799804688,36.25,1.919921875,1.120117188,0.6401367188,2.16015625,3.75,0,95,89.0625,90,57,71,74,42,35,47,78,54.03125,11,32,46,60,37,9,28,44,57,74,58,31,49,64,63,51.96875,15,72
Thomas Cannon,20,,Forwards,1674,0.4299316406,0.2700195313,0.1300048828,5.58984375,2.419921875,16.296875,13.8203125,20.75,5.21875,0.75,0.7001953125,0.4797363281,1.01953125,1.94140625,1.080078125,0,0.6499023438,0.2700195313,23.59375,14.0390625,3.98046875,2.369140625,1.240234375,37.8125,1.94140625,1.129882813,1.129882813,2.80078125,1.830078125,0,85,53,72,52,65,26,6,12,10,30.015625,30.015625,40,14,40,21,37,38,47,7,24,47,62,79,53,66,65,86,47,47
Bobby Reid,29,Right,Att Mid / Wingers,2476,0.1500244141,0.1400146484,0.05996704102,6.76171875,1.129882813,13.703125,32.96875,111.5,12.3984375,0.6899414063,1.309570313,1.379882813,2.2890625,1.959960938,1.309570313,0.04000854492,1.530273438,0.7294921875,43.3125,17.8125,2.80078125,1.9296875,0.6494140625,48.46875,1.669921875,1.200195313,0.3996582031,4.91015625,0.4396972656,0,37,27,7,47,12,91,45,66,28,7,32,65,20,8,6,35,49,77,32,20,22,12,8,4,11,12,12,60,37
Willian,34,Right,Att Mid / Wingers,3490,0.1279296875,0.1151123047,0.1689453125,7.015625,1.73046875,21.5625,40.15625,113.4375,16.8125,1.987304688,2.169921875,1.444335938,5.1328125,4.3125,2.814453125,0.5185546875,0.876953125,0.5405273438,49.90625,25.21875,2.939453125,3.8203125,2.166015625,131.25,4.25390625,3.662109375,1.16015625,4.671875,0.361328125,0,39.0625,20.25,56.375,50.1875,34.8125,18.234375,71.25,62.5625,69.75,77.6875,58.9375,68.25,78.875,78.3125,72.25,72,19.28125,51.4375,62.71875,70.9375,32.625,56.625,69.1875,88.9375,85.8125,91.5625,62.09375,43.4375,31.078125
Aleksandar Mitrović,28,Right,Forwards,2270,0.4777832031,0.4086914063,0.1161499023,4.2890625,3.767578125,14.9921875,22.40625,42.65625,7.96875,0.7163085938,1.233398438,0.4375,1.940429688,2.3046875,1.07421875,0,0.5966796875,0.1149902344,36.03125,15.3828125,6.26171875,1.90625,0.9501953125,30.546875,1.03515625,0.6723632813,0.4375,2.423828125,4.1640625,0,78.0625,64.375,43.90625,15.1875,92.8125,44.28125,52.09375,50.03125,32.28125,25.078125,63.0625,32.15625,56.53125,53.625,23.0625,34.28125,32.5625,23.328125,59.5625,45.65625,87.625,40.71875,52.34375,31.46875,21.921875,24.03125,21.546875,39.0625,90
Harry Wilson,25,Left,Att Mid / Wingers,1100,0.1600341797,0.1600341797,0.07000732422,7.12109375,1.469726563,16,33.0625,88.875,13.34375,0.9799804688,1.639648438,1.059570313,3.02734375,2.619140625,1.469726563,0.1600341797,1.719726563,0.4899902344,45.09375,20.703125,3.02734375,2.697265625,0.9799804688,63.78125,1.469726563,1.309570313,0.6499023438,4.421875,0.3298339844,0,42,39,11,51,20,64,47.03125,42,38,26,51,47.03125,42,22,13,55.96875,62,57,45,39,29,30,19,21,9,15,27.984375,36,29
Carlos Vinícius,27,Left,Forwards,1109,0.4099121094,0.2700195313,0.05999755859,3.73046875,1.701171875,11.8984375,15.34375,31.40625,5.76171875,0.5698242188,0.9702148438,0.4099121094,1.219726563,1.299804688,1.059570313,0,0.3200683594,0,26.703125,14.0390625,4.5390625,1.219726563,0.4099121094,24.4375,0.7299804688,0.7299804688,0.4099121094,1.7890625,2.189453125,0,70,35,18,4,16,89.0625,6,25,8,4,47,28,22.984375,6,11,33,8,3,14,26,50,13,9,11,11,29.984375,16,4,77
Neeskens Kebano,30,Right,Att Mid / Wingers,764,0,0.05996704102,0.1800537109,8.0078125,1.059570313,15.203125,24.96875,60.875,10.9609375,1.530273438,0.2398681641,1.059570313,2.830078125,2.830078125,1.879882813,0.2398681641,2,0.119934082,37.8125,22.15625,3.529296875,3.30078125,1.059570313,99.0625,4.58984375,1.650390625,1.299804688,5.5390625,0.2398681641,0,4,1,63,62,7,78,12,14,16,62,1,46,35,31,35,62,79,5,14,49,45,47,28,66,88,32,64,75,15
Daniel James,25,Right,Att Mid / Wingers,819,0.2199707031,0.2199707031,0.119934082,6.26171875,1.869140625,13.796875,24.84375,41.875,10.7734375,0.8798828125,0.330078125,1.209960938,1.981445313,1.650390625,1.4296875,0,1.650390625,0.330078125,35.15625,20.65625,3.849609375,2.19921875,0.66015625,80.25,3.30078125,1.4296875,1.209960938,4.62109375,0.1099853516,0,59,57.03125,32,39,45,90,10,7,15,16,3,56,12,2,11,16,53,25,7,38,55,15,9,43,62.03125,21,58,45,5
Manor Solomon,23,Right,Att Mid / Wingers,572,0.6298828125,0.1899414063,0.05999755859,8.0234375,1.73046875,19.90625,32.5625,90.5,16.359375,0.9399414063,0.7900390625,1.259765625,3.779296875,1.73046875,1.73046875,0,3.1484375,0.7900390625,45.9375,23.125,1.73046875,5.8203125,2.990234375,113.75,2.51953125,2.51953125,0.3100585938,7.23828125,0.4699707031,0,99,48,8,63.03125,37,18,43,44.03125,69,22.984375,9,59,59,5,20,16,99,82,49,56,5,93,96,80,35,80,8,98,41
Rodrigo Muniz,21,,Forwards,892,0.1999511719,0.3100585938,0.04000854492,4.23828125,2.830078125,16.296875,9.4765625,18.359375,2.51953125,0.5,0.3999023438,0.3000488281,0.8100585938,1.309570313,0.5,0,0.91015625,0.3000488281,21.796875,12.5078125,4.140625,1.509765625,0.6098632813,15.9375,0.8100585938,0.3000488281,0.5,1.719726563,4.0390625,0,37,64,6.99609375,20,86,26,1,6,1,9,10,21,5,5,1,37,57,55.03125,3,11,53,30.984375,41,11,27.984375,6,43,4,78
Jack Harrison,26,Left,Att Mid / Wingers,2708,0.1700439453,0.1600341797,0.1700439453,8.46875,1.299804688,17.796875,38.21875,136.75,14.71875,1.759765625,1.889648438,1.700195313,3.419921875,3.7890625,2.259765625,0.8999023438,1.360351563,0.7299804688,51.71875,27.78125,2.689453125,3.919921875,1.599609375,85.875,3.419921875,1.861328125,0.7998046875,5.78125,0.1700439453,0,44,35,60,70,15,41,68,80,54,71,64,79,52,73,52,93,42,78,71,76,19,62,59,52,68,51,37,80,10
Brenden Aaronson,22,Right,Att Mid / Wingers,2372,0.04000854492,0.1500244141,0.1600341797,5.7265625,1.55859375,18.40625,30.234375,82.75,13.1328125,1.75,1.780273438,0.6098632813,3.259765625,3.599609375,2.16015625,0.6499023438,1.709960938,0.1899414063,43.375,21.015625,2.732421875,3.7890625,1.290039063,58.125,1.629882813,1.290039063,0.4899902344,4.859375,0.3000488281,0,10,30.015625,55,28,24,31,32,38,37,70,60.03125,9,49,70,47,82,59,10,35,42,20,56.96875,42.96875,11,10,14,14,59,26
Rodrigo,31,Left,Forwards,1935,0.5600585938,0.3400878906,0.08001708984,6.65234375,3.0703125,15.8046875,25.578125,52.9375,10.1875,0.740234375,1.0703125,0.7900390625,2.05078125,2.08984375,1.400390625,0,1.120117188,0.2800292969,37.40625,15.859375,5.12109375,1.349609375,0.5600585938,38.375,1.860351563,0.7900390625,1.120117188,3.0703125,1.580078125,0,89,53.03125,31,69,77,35,72,62,57.03125,31,53.03125,67,58,43,42,33,74,60,69,52,70,16,23,42,57.03125,35,75,62,48
Patrick Bamford,29,Left,Forwards,1515,0.2399902344,0.419921875,0.05999755859,5.69921875,2.849609375,14.703125,19.78125,31.90625,9.859375,0.7099609375,1.0703125,0.5297851563,1.370117188,1.599609375,1.009765625,0,0.5297851563,0.3000488281,32.65625,15.7890625,4.9296875,2.01953125,0.6499023438,26.546875,1.009765625,1.009765625,0.7700195313,2.970703125,2.140625,0,40,74,11,57,67,50,30.984375,28,53,21,52,43,36,14,9,33,19,64,38,48,67,42,33,19,16,47,53,60,74
Degnand Gnonto,19,,Att Mid / Wingers,1354,0.1300048828,0.1199951172,0.1500244141,9.0390625,1.459960938,17.40625,34.03125,82,15.2890625,1.459960938,0.7998046875,1.259765625,2.330078125,3.3203125,1.990234375,0.1999511719,1.790039063,0.330078125,47.78125,26.125,2.859375,5.12109375,1.400390625,114,4.390625,2.4609375,1.129882813,5.44921875,0.5297851563,0,32,18,51,77,18,45,51,37,58,57,10,60,21,55,44,58,65,26,58,73,25,87,47.96875,81,87,77,54,72,47.96875
Luis Sinisterra,23,Right,Att Mid / Wingers,867,0.5200195313,0.3798828125,0.04000854492,8.71875,2.91015625,16.203125,35.1875,103.0625,16.703125,0.9301757813,1.870117188,1.759765625,4.05078125,3.4296875,2.69921875,0,2.1796875,0.830078125,48.6875,22.3125,3.3203125,4.359375,1.96875,96.625,3.109375,1.759765625,0.830078125,6.74609375,1.870117188,0,94,91,1,73,89,60,56,59.03125,71,20,63,85,61,61.96875,76,16,85,88,63,52,39,73,82,64,56,45,39,95,92
Crysencio Summerville,21,Right,Att Mid / Wingers,1426,0.25,0.1800537109,0.09997558594,5.80859375,1.830078125,15.296875,25.9375,67.3125,13.1328125,1.009765625,1.259765625,0.759765625,2.83984375,3.08984375,1.830078125,0.05999755859,1.889648438,0.8198242188,40.1875,19.625,4.421875,3.7890625,1.509765625,83.6875,3.220703125,1.700195313,1.200195313,5.6796875,0.3200683594,0,66,45,22,31,43,77,19,25,36,29,30,25,37,42,27.984375,43,75,87,21,27.984375,68,55.96875,57,46,58,41,57,79,27.984375
Daniel James,25,Right,Att Mid / Wingers,819,0.2199707031,0.2199707031,0.119934082,6.26171875,1.869140625,13.796875,24.84375,41.875,10.7734375,0.8798828125,0.330078125,1.209960938,1.981445313,1.650390625,1.4296875,0,1.650390625,0.330078125,35.15625,20.65625,3.849609375,2.19921875,0.66015625,80.25,3.30078125,1.4296875,1.209960938,4.62109375,0.1099853516,0,59,57.03125,32,39,45,90,10,7,15,16,3,56,12,2,11,16,53,25,7,38,55,15,9,43,62.03125,21,58,45,5
Georginio Rutter,20,Both,Forwards,1009,0.1801757813,0.2700195313,0.2099609375,6.69140625,2.41015625,15.6953125,14.09375,40.59375,4.37109375,0.8901367188,0.9799804688,0.7998046875,2.23046875,3.30078125,1.959960938,0,0.6201171875,0.4497070313,30.15625,19.53125,5.98046875,6.328125,3.029296875,64.5,2.849609375,0.9799804688,2.140625,2.23046875,0.7998046875,0,12,30,85,61,52,26,5,26,3,15,37,66,55,81,52,36,45.96875,85,15,72,81,99,99,79,83,55,96.9375,14.0078125,19
Joe Gelhardt,20,Right,Forwards,1198,0.2301025391,0.3200683594,0.1199951172,4.87890625,2.48046875,15.796875,21.359375,54.15625,10.5234375,1.129882813,1.349609375,0.3000488281,2.55078125,3.009765625,1.951171875,0,1.349609375,0.1500244141,33.875,12.25,2.55078125,2.330078125,0.8994140625,32.84375,1.280273438,0.6801757813,0.4497070313,3.009765625,0.6000976563,0,42,66,61,32,69,32,49,72,80,74,72,20,85.0625,84,80,37,78,25,56,7,9,61,61,43,43,36,40,56,20
Harvey Barnes,25,Right,Att Mid / Wingers,2712,0.4299316406,0.3000488281,0.09997558594,8.53125,2.390625,15.8984375,26.09375,66.5,12.046875,0.6298828125,1.290039063,1.030273438,2.619140625,2.08984375,1.4296875,0,0.8598632813,0.2700195313,37.9375,19.921875,4.421875,3.01953125,0.8999023438,91.25,3.3203125,2.390625,1.58984375,3.349609375,0.9599609375,0,87,82,24,72,72,67,20,22,25,4,31,45,29,11,10,16,18,20,18,29,66,40,15,58,63,75,73,13,76
James Maddison,26,Right,Att Mid / Wingers,2480,0.3303222656,0.2399902344,0.3400878906,5.62890625,3.009765625,21.09375,41.71875,158.125,15.1328125,2.498046875,4.25,0.9799804688,5.4765625,5.01171875,2.759765625,1.049804688,1.849609375,0.4699707031,52.5,23.765625,3.73828125,3.87890625,1.669921875,96.9375,2.7890625,1.599609375,1.129882813,3.66796875,0.1500244141,0,79,66,96,27,91,11,78,88,56.03125,97,95,39.96875,90,93.9375,78,95,73,54,75,64,52,59,62,65,48,31,53,21,7.00390625
Jamie Vardy,35,Right,Forwards,1857,0.1500244141,0.2900390625,0.07000732422,4.8984375,1.309570313,12.296875,12.7578125,17.640625,3.33984375,0.6801757813,0.3400878906,0.2399902344,0.6801757813,1.650390625,1.110351563,0,0.4799804688,0.1000366211,21.234375,9.9765625,3.439453125,1.41015625,0.580078125,17.34375,0.7797851563,0.4396972656,0.6298828125,1.991210938,2.279296875,0,16,40,23,31,6,83,3,4,1,18,3,9,3,18,16,33,18,18,1,1,13,23,28,3,14,8,36,16,79
Patson Daka,24,Right,Forwards,1187,0.3000488281,0.2700195313,0.2099609375,6.21875,2.26953125,14.59375,22.375,33.28125,8.953125,1.290039063,0.5297851563,0.609375,1.290039063,2.119140625,1.440429688,0.080078125,1.059570313,0.5297851563,33.65625,17.4375,4.3984375,1.360351563,0.5297851563,34.9375,1.360351563,0.609375,0.830078125,2.73046875,1.96875,0,57,33,86,65,42,52.03125,53,36,40,70,18,50,28,45,45,84,65,91,48,58,42,21,19,38,38,16,62,50,69
Kelechi Iheanacho,26,Left,Forwards,1127,0.3200683594,0.5,0.3200683594,7.91015625,3.029296875,17.09375,25.234375,48.0625,12.453125,1.758789063,1.6796875,0.6401367188,2.16015625,3.58984375,2.640625,0.08001708984,0.5600585938,0,37.0625,19.484375,4.62890625,3.109375,1.599609375,57.8125,2.640625,1.040039063,1.44140625,2.400390625,1.200195313,0,58,87.0625,99,86,75,14,65,57,74,94,84,55.03125,64,96,94,86,25,3,64,70,52.96875,75,82,69,79,51.96875,86,38,36
Tetê,22,Left,Att Mid / Wingers,1841,0.3422851563,0.2922363281,0.08605957031,9.046875,2.19921875,17.828125,37,93.5,14.9140625,0.7822265625,2.001953125,1.073242188,3.81640625,2.833984375,1.713867188,0.3459472656,1.713867188,0.7368164063,48.8125,23.71875,4.3984375,4.25390625,2.00390625,99.25,3.46875,1.908203125,2.056640625,4.890625,0.4416503906,0,66.6875,77,13.2265625,73.0625,62.6875,46.0625,51.8125,33.96875,52.28125,9.6015625,49.34375,39.875,50.59375,37.75,24.59375,62.78125,67.625,59.125,48.65625,56.09375,68.4375,65.25,73.75,52.40625,64.0625,42.46875,89,47.90625,33.96875
Dennis Praet,28,Right,Midfielders,649,0.1400146484,0.1400146484,0.07000732422,5.8203125,0.6899414063,13.6015625,37.4375,94.3125,16.234375,0.419921875,1.389648438,0.6899414063,2.359375,1.940429688,1.530273438,0.2800292969,1.66015625,0.6899414063,47.4375,16.359375,1.940429688,1.940429688,0.830078125,49.5,2.080078125,0.9702148438,0.1400146484,6.66015625,0.1400146484,0,70,72,36,89.0625,27,97,23,9,38,11.9921875,4,41,5,31,33,76,23.984375,25,18,60,59,58,47.96875,17,71,41,47,69,2
Ayoze Pérez,29,Right,Att Mid / Wingers,1386,0.1898193359,0.3000488281,0.1300048828,6.62109375,2.2109375,16.796875,25.390625,69.9375,14.3515625,0.83984375,1.23046875,0.91015625,2.529296875,3.1796875,2.140625,0,2.009765625,0.83984375,39.8125,18.765625,4.87109375,5,2.73046875,88.75,3.310546875,2.26953125,1.23046875,4.3515625,0.5200195313,0,58,82,38,45,53,62,11,23,42,16,33,31,26,38,42,14,82,84,16,18,73.9375,81,84,45,60,50,58,38,43
Marc Albrighton,33,Right,Att Mid / Wingers,673,0,0.04000854492,0.1899414063,8.4296875,0.669921875,22.703125,39.0625,190.375,11.6328125,1.470703125,3.33984375,2.41015625,4.55078125,3.33984375,2.94140625,0.2700195313,2.009765625,0.669921875,50.40625,20.0625,0.7998046875,2.669921875,1.470703125,52.8125,2.26953125,1.200195313,0.2700195313,5.75,0.7998046875,0,5,2,83,92,4,7,69,95,48.03125,66,94,99,85,68,90,69,80,65,70,58,2,50,70,25,44,26,13,80,54
Mohamed Salah,30,Left,Att Mid / Wingers,3914,0.5561523438,0.501953125,0.2338867188,11.6875,3.287109375,14.8828125,32.375,92.5,14.53125,1.795898438,1.40234375,2.185546875,4.00390625,3.748046875,2.896484375,0.04202270508,0.5473632813,0.1807861328,44.4375,27.8125,8.0390625,3.611328125,1.359375,82.5625,3.306640625,1.936523438,2.369140625,2.78515625,0.20703125,0,90.4375,96.8125,78.5,93.5,92.6875,80.8125,38.90625,46.625,46.125,73.1875,37.34375,91.75,59.96875,71.0625,77.625,38.28125,4.27734375,11.5078125,40.09375,78.3125,97,53.09375,46.25,43.40625,60.8125,48.6875,92.3125,6.90625,13.515625
Darwin Núñez,23,Right,Forwards,2334,0.5024414063,0.6733398438,0.2222900391,9.90625,4.203125,15.640625,21.390625,40.25,6.97265625,1.16015625,0.4978027344,0.5434570313,1.426757813,2.583984375,1.66015625,0.03628540039,0.6538085938,0.1553955078,33.84375,21.515625,7.48046875,2.23828125,0.8134765625,68.6875,3.083984375,1.732421875,1.506835938,2.5078125,1.733398438,0,78.125,87.625,77.75,96.9375,91.0625,40.6875,41.03125,45.5,19,62.6875,16.9375,46.53125,39.71875,58.71875,56.28125,65.75,36.25,35.21875,44.96875,76.9375,86.375,56.03125,43.875,79.75,86.5625,84,85.875,39.625,60.5
Harvey Elliott,19,Left,Midfielders,2008,0.138671875,0.1456298828,0.1743164063,6.72265625,2.109375,19.234375,55.9375,173.5,24.609375,1.388671875,3.716796875,2.333984375,7.6171875,4.03125,3.31640625,0.04818725586,1.571289063,0.8989257813,66.9375,27,3.046875,2.328125,1.075195313,108.25,3.08984375,2.330078125,0.62890625,6.8125,0.2670898438,0,55.21875,70.5,82.125,92.5,90.5625,57.375,71.25,56.125,74.1875,77.0625,54.0625,96.625,88.3125,91.5,92.4375,47.46875,20.921875,42.15625,72.625,92.875,82.125,73.75,68.1875,83.6875,90.1875,90,81.5625,69.8125,9.703125
Cody Gakpo,23,Right,Att Mid / Wingers,3398,0.5283203125,0.3278808594,0.2888183594,8.2890625,2.8359375,16.3125,30.828125,114,11.7109375,2.67578125,1.91015625,1.352539063,3.287109375,4.875,2.41015625,1.219726563,1.348632813,0.4772949219,44.34375,25.515625,4.63671875,3.5234375,1.590820313,83.125,3.044921875,2.015625,1.325195313,3.708984375,1.34765625,0,85.25,66.8125,79.9375,73.3125,65.9375,55.40625,65.25,81.8125,53.875,86.5625,68.875,70.6875,72.25,83.625,75.5625,70.5625,61.78125,64.5,68.0625,74.0625,61.46875,71.8125,75.375,73.625,73.125,74.625,63.3125,50.71875,61.25
Roberto Firmino,31,Right,Forwards,1630,0.7202148438,0.3435058594,0.2310791016,7.2265625,2.484375,11.765625,42.46875,142,21.15625,1.713867188,3.703125,1.381835938,5.96484375,3.53125,2.8671875,0,1.380859375,0.7197265625,55.125,21.375,5.68359375,2.095703125,1.100585938,52.90625,1.21875,1.216796875,0.3869628906,4.63671875,1.268554688,0,88.3125,56.9375,85.125,74.75,54.65625,86.0625,97.75,97.75,97.75,88.8125,98.5,85.6875,98.5,89.4375,96,34.78125,87.0625,90.8125,97.75,76.1875,77.5,46.5,56.71875,62.21875,32.59375,59.40625,20.65625,91.75,40.375
Diogo Jota,26,Right,Forwards,1394,0.4543457031,0.47265625,0.2208251953,8.3359375,2.71484375,12.4765625,30.71875,74.625,13.8125,1.870117188,2.197265625,0.8422851563,2.90625,3.232421875,2.32421875,0,1.6796875,0.1948242188,44.125,21.046875,5.74609375,3.095703125,1.029296875,82.1875,2.521484375,2.197265625,0.9653320313,4.578125,1.546875,0,81.125,87.0625,66.375,68.5625,78.75,85.375,42.3125,38,47.34375,56.8125,70.875,27.65625,35.75,37.125,40.59375,20.53125,69.625,15.3203125,44.46875,40.78125,84.1875,51.21875,33.375,56.65625,45.75,63.65625,46.28125,58.625,81.1875
Luis Díaz,25,Right,Att Mid / Wingers,1265,0.3537597656,0.2172851563,0.1315917969,10.671875,2.560546875,15.8203125,39.90625,104.8125,18.640625,1.133789063,2.064453125,1.418945313,4.4140625,3.837890625,2.6328125,0,1.497070313,0.4252929688,53.875,30.671875,6.48046875,5.62109375,2.560546875,111.875,3.341796875,2.703125,2.13671875,4.5546875,1.065429688,0,80.3125,58.40625,41.84375,90.625,78.6875,72.5625,68.5625,56.375,72.0625,32.75,60.4375,60.1875,68.4375,72.1875,66.625,17.703125,52.9375,49.34375,72.0625,86.9375,87.6875,90.875,85.5,78.875,66.0625,77.5625,87.5,45.4375,71
Erling Haaland,22,Left,Forwards,3608,0.99609375,0.8012695313,0.1513671875,4.5390625,3.86328125,12.484375,15.5234375,29.328125,6.93359375,0.8955078125,0.4528808594,0.6494140625,1.747070313,2.29296875,1.571289063,0,0.1022949219,0.1256103516,24.1875,13.8671875,6.87890625,1.196289063,0.57421875,23.875,1.09765625,0.37890625,0.7958984375,1.270507813,1.673828125,0,98.5,98.5,64.9375,28.328125,90.8125,75.75,10.3046875,22.765625,18.75,45.34375,11,56.15625,47.625,48.59375,50.90625,34.65625,2.865234375,28.78125,8,28.828125,90.3125,17.859375,22.546875,14.2265625,26.15625,6.95703125,59.75,4.96484375,54.0625
Bernardo Silva,28,Left,Att Mid / Wingers,3472,0.1802978516,0.09118652344,0.1295166016,7.703125,0.880859375,16.140625,63.78125,160.625,29.640625,1.455078125,3.498046875,1.295898438,5.2890625,3.263671875,2.849609375,0.07727050781,1.688476563,0.6987304688,72.875,30.5,3.73828125,2.953125,1.424804688,155.375,3.912109375,3.216796875,1.137695313,5.703125,0.2059326172,0,68.1875,44.5,64.9375,87.3125,32.15625,74.25,88.625,54,92.75,71.6875,55.25,70.75,65.1875,69.125,83.75,49.21875,41.15625,35.46875,87.9375,93.5,83.9375,73.8125,72.9375,96.125,91.1875,96.8125,87,43.53125,12.484375
Jack Grealish,27,Right,Att Mid / Wingers,2988,0.1513671875,0.1688232422,0.30078125,12.8125,1.720703125,16.03125,47.625,112.375,23.734375,2.5625,1.208984375,2.048828125,4.25,4.7890625,3.435546875,0.39453125,0.9907226563,0.3352050781,58.09375,35,5.91015625,4.79296875,2.138671875,180.125,6.265625,3.771484375,2.892578125,4.79296875,0.5415039063,0,44.59375,42.375,89.0625,94.25,36.28125,68.375,84.9375,62.0625,91.1875,93.25,24.84375,86.75,63.8125,88.0625,90.6875,73.125,30.765625,29.3125,82.3125,94.75,87.8125,80,82.3125,97.75,96.8125,95.375,95.6875,58.34375,51.59375
Riyad Mahrez,31,Left,Att Mid / Wingers,2426,0.2253417969,0.2158203125,0.3278808594,11.3125,1.892578125,18.40625,55.09375,124.9375,23.453125,2.634765625,1.671875,1.813476563,3.373046875,5.52734375,3.525390625,0.8564453125,1.44921875,0.3698730469,65.875,38.625,5.08203125,3.6328125,1.370117188,114.5625,3.82421875,2.484375,1.96484375,3.779296875,0.3698730469,0,56.03125,56.53125,93.375,91.375,49.21875,38.84375,94,69.9375,91.9375,95.8125,48.625,81.3125,50.125,96.3125,92.5,89.8125,48.375,38.03125,92.75,97.1875,73.75,56.03125,44.75,77.75,76.0625,70,85.4375,24.84375,33.0625
Phil Foden,22,Left,Midfielders,2484,0.4729003906,0.2902832031,0.2387695313,13.3359375,2.212890625,15.2578125,52.90625,120.3125,25.484375,2.1015625,1.923828125,1.77734375,4.2421875,4.6796875,3.22265625,0.6166992188,0.7954101563,0.3952636719,63.25,37.375,5.90625,3.662109375,1.80859375,98.375,3.115234375,2.1015625,1.123046875,4.31640625,0.8354492188,0,92.625,82.1875,81.25,95.25,69.25,78.9375,84.25,63.125,91.625,87,53.40625,79.875,61.6875,89.4375,81.25,80.25,11.28125,24.046875,82.625,94.875,87.1875,63.84375,78.8125,63.34375,64,60.96875,59.15625,33.875,65.625
Julián Álvarez,22,Right,Forwards,3124,0.6044921875,0.4328613281,0.1846923828,7.375,2.91015625,15.8828125,31.046875,58.75,14.578125,1.645507813,1.237304688,0.8662109375,2.07421875,3.802734375,2.85546875,0.2016601563,1.298828125,0.1715087891,41.8125,24.546875,5.328125,2.390625,1.124023438,53.21875,2.359375,1.184570313,1.411132813,3.310546875,0.5483398438,0,86.625,66.625,62.375,69.625,66.75,37.625,76.625,63.4375,80.9375,69.9375,61.9375,70.9375,58.75,82,86,56.4375,82.8125,40.34375,71.4375,84.0625,71,56.96875,62.6875,64.25,76.125,60.84375,80.6875,61.1875,18.984375
Liam Delap,19,Right,Forwards,1878,0.1899414063,0.3701171875,0.03001403809,6.609375,2.25,13.4921875,12.796875,20.3125,4.30859375,0.5297851563,0.8095703125,0.3798828125,0.8598632813,1.73046875,0.8095703125,0,0.3400878906,0.09997558594,26.265625,15.7734375,4.73828125,3.640625,1.150390625,45.25,2.109375,1.25,1.009765625,2.25,2.009765625,0,34,84,4,73,56,72,3,10,2,10,41,30.015625,6,26,8,37,11,10,12,42,76,88,75,69,76,77,79,23,53.03125
Bruno Fernandes,28,Right,Att Mid / Wingers,4536,0.1555175781,0.2110595703,0.4597167969,6.48828125,2.37890625,20.5,55.78125,248.5,21.28125,3.154296875,4.328125,2.462890625,7.1015625,5.87109375,4.3828125,0.7958984375,1.727539063,0.67578125,66.25,29.875,4.0234375,1.90234375,0.93359375,92.0625,2.462890625,1.748046875,0.7338867188,6.0546875,0.537109375,0,41.09375,56.09375,97.75,41.3125,72.875,22.21875,95.0625,97.875,88.8125,95.6875,93,95.4375,95.375,95.0625,95.625,85.0625,70.8125,71.4375,93.6875,84.8125,58.125,13.4609375,18.59375,54,32.53125,42.25,35.125,86.3125,49.25
Marcus Rashford,25,Right,Att Mid / Wingers,3438,0.6015625,0.5385742188,0.1165161133,7.98828125,3.669921875,16.34375,26.71875,68.625,13.390625,1.048828125,1.180664063,1.653320313,2.75,3.140625,2.044921875,0.02513122559,0.685546875,0.1843261719,39.59375,23.953125,6.23046875,4.6328125,1.784179688,76.5625,2.884765625,1.515625,1.965820313,3.328125,0.6333007813,0,95.6875,96.5,32.40625,61.125,94.875,58.40625,18.578125,26.84375,38.90625,26.03125,25.015625,75.25,32,42.78125,43.90625,30.875,11.0390625,11.03125,19.875,55,84.8125,75.5625,65.625,31.453125,45,27.890625,79.9375,15.0078125,58.34375
Antony,22,Left,Att Mid / Wingers,2434,0.220703125,0.3142089844,0.158203125,9.203125,3.44140625,19.5625,40.34375,97.25,20.890625,1.48046875,1.553710938,1.77734375,3.775390625,3.775390625,3.0703125,0.03634643555,1.18359375,0.5185546875,53.21875,30.46875,4.10546875,4.21875,1.626953125,122.875,4.54296875,2.92578125,1.48046875,4.94921875,0.3330078125,0,53.28125,85.125,54.96875,73.9375,92.125,27.4375,70.5625,49.4375,84.25,53.03125,42.59375,78.625,58.28125,68.9375,84.875,25.09375,42.3125,57.5625,73.5625,87.9375,60.15625,63.96875,57.3125,83.9375,86.8125,86.0625,69.5625,63.53125,29.90625
Jadon Sancho,22,Right,Att Mid / Wingers,2180,0.2883300781,0.2109375,0.265625,9.203125,1.280273438,14.203125,41.09375,92,23.828125,2.48046875,1.240234375,2.150390625,4.05078125,4.6640625,4.2109375,0.03866577148,0.9873046875,0.4108886719,52.0625,28.828125,6.02734375,4.16796875,1.85546875,113.125,4.625,1.982421875,2.55859375,5.578125,0.1667480469,0,70,58.5625,86.125,77.1875,15.9140625,88.1875,74.3125,47.9375,94,92.8125,28.46875,92.5625,61.84375,87.875,94.9375,36.625,27.265625,40.46875,70.1875,81.125,84.4375,64.1875,67.125,76.625,87.4375,53.34375,93.625,77.1875,11.953125
Anthony Martial,27,Right,Forwards,978,0.4602050781,0.509765625,0.1300048828,8.0078125,2.390625,13.203125,30.1875,83.75,15.921875,1.099609375,1.290039063,1.200195313,3.220703125,2.580078125,2.01953125,0,0.4602050781,0.09002685547,40.78125,22.90625,4.51171875,2.390625,1.290039063,52.4375,1.661132813,1.200195313,0.740234375,1.840820313,0.9204101563,0,79,90,57,87,48,67,79,84,92,65,70,82,87,62.03125,77,33,14,13,75,87,48,57,70,57,54.96875,62.03125,45,13,28
Wout Weghorst,30,Right,Forwards,1178,0.07769775391,0.28515625,0.1400146484,4.35546875,1.759765625,12.4140625,20.78125,47.0625,9.171875,1.298828125,0.8388671875,0.3041992188,1.759765625,2.677734375,2.138671875,0,1.298828125,0.6870117188,31.046875,11.546875,3.21484375,1.379882813,0.4567871094,18.203125,0.4599609375,0.6123046875,0.07769775391,3.365234375,1.526367188,0,18.1875,38.09375,65.375,16.71875,20.65625,81.625,45.40625,56.4375,51.4375,73.25,41.375,23.65625,51.46875,63.71875,77.4375,35.28125,82.625,90.5625,35.5,12.09375,16.03125,23.1875,19.484375,8.2109375,8.828125,25.890625,8.1484375,69.4375,57.1875
Alejandro Garnacho,18,,Att Mid / Wingers,784,0.4560546875,0.4096679688,0.1161499023,13.3125,3.4453125,16.515625,30.3125,32.84375,17.90625,0.5712890625,0.2322998047,0.462890625,1.723632813,3.21484375,2.296875,0,0.8037109375,0.9184570313,48.34375,31.3125,8.4921875,6.54296875,1.951171875,150.625,5.62109375,3.5546875,4.24609375,3.671875,0.3410644531,0,87.4375,88.6875,39.71875,95.4375,88.625,60.28125,30.1875,3.17578125,72.0625,6.38671875,1.725585938,8.03125,8.625,54.9375,58.78125,18.46875,13.8359375,87,56.875,90,97.5625,92.6875,73.0625,93.4375,95.5,81.375,98.375,27.84375,33.5
Cristiano Ronaldo,37,Right,Forwards,1345,0.1334228516,0.4509277344,0.1481933594,7.5625,4.34765625,17.546875,28.765625,45.09375,15.7265625,1.071289063,1.471679688,0.6020507813,2.748046875,2.408203125,1.873046875,0,0.1997070313,0.06634521484,38.9375,21.078125,6.15625,1.672851563,0.4033203125,44.4375,1.672851563,1.004882813,0.8012695313,1.674804688,2.208984375,0,27.1875,69.4375,54.84375,76.5625,93.4375,22,80.6875,57,89,59.46875,71.3125,45.1875,73.1875,56.6875,69.3125,38.125,9.171875,27.9375,76.8125,76.125,86.6875,43.1875,25.59375,55.40625,58,53.46875,53.78125,13.703125,72.9375
Joelinton,26,Right,Midfielders,2660,0.1999511719,0.2399902344,0.08001708984,5.0703125,1.719726563,14.6015625,42.84375,135.75,19.65625,0.8798828125,2.640625,0.7099609375,4.3984375,2.7109375,1.830078125,0.0299987793,2.369140625,1.620117188,57.59375,19.015625,3.25,3.75,1.790039063,77.3125,2.16015625,1.518554688,0.4399414063,6.69921875,2.23046875,0,83,95,42,79.9375,82,94,44,34,58,46,29,41,48,57,50,42,65,90,54,70.9375,88,93,94,58,73,65,74,70,97
Miguel Almirón,28,Left,Att Mid / Wingers,2492,0.3999023438,0.2900390625,0.1199951172,9.53125,2.490234375,16.40625,35.46875,96,18.53125,0.9399414063,1.629882813,1.299804688,4.48046875,3.140625,2.279296875,0.07000732422,1.66015625,0.3601074219,46.9375,27.453125,4.98828125,2.849609375,1.23046875,84.5625,2.779296875,1.66015625,0.8999023438,5.01953125,0.2199707031,0,86.0625,79,30,84,81,54,57,52.96875,77,22,49,62,75,45,52.96875,47,55,32,52.96875,73.9375,73,32,40.03125,49,47,35,41,65,12
Callum Wilson,30,Right,Forwards,1877,0.7202148438,0.7202148438,0.1300048828,5.66015625,3.359375,12.390625,11.6015625,16.25,5.3203125,1.099609375,0.4802246094,0.3400878906,0.91015625,2.060546875,1.150390625,0,0.4299316406,0.04998779297,23.109375,13.46875,5.94921875,1.73046875,0.580078125,32.28125,1.290039063,0.669921875,0.7700195313,1.870117188,1.009765625,0,96,97,58,55,86,81,1,1,4,64,16,23,9,40,19,33,13,6,3,16,87,35,26,33,33,21,52,14,30.015625
Alexander Isak,23,Right,Forwards,1522,0.4699707031,0.3999023438,0.1300048828,7.2109375,2.900390625,15,21.765625,57.78125,8.9296875,0.9501953125,1.709960938,0.8901367188,2.83984375,2.900390625,1.709960938,0,1.059570313,0.2401123047,34.46875,21.171875,5.80078125,4.26171875,1.889648438,76.875,2.419921875,2.130859375,1.299804688,2.25,1.299804688,0,82,67,64,77,70,46,47,67,38,52,86,74,81,69,58,33,67,48,52,75,86,86,89,86,75,94,82,30,42
Jacob Murphy,27,Right,Att Mid / Wingers,1251,0.2900390625,0.2399902344,0.1999511719,10.1484375,2.08984375,18.59375,32.21875,90.0625,12.7265625,1.370117188,1.440429688,1.869140625,4.1015625,3.529296875,2.66015625,0,1.080078125,0.5,42.4375,23.671875,5.39453125,3.08984375,1.009765625,107.6875,4.75,2.30078125,2.08984375,4.9609375,0.2199707031,0,73,65,71,87,60,29,40,43,32,48,39,89,65,68,73,16,29,60,28,62,77,41.96875,22,73.9375,92,71,87,63,11
Allan Saint-Maximin,25,Right,Att Mid / Wingers,1120,0.08001708984,0.1300048828,0.3701171875,8.921875,2.25,17.59375,35.90625,128.5,13.578125,2.490234375,1.849609375,2.810546875,5.5390625,5.21875,3.939453125,0,0.7998046875,0.3999023438,48.0625,27.96875,6.19140625,7.9609375,4.578125,201.875,7.46875,4.1015625,3.2890625,5.5390625,0.1600341797,0,18,20.984375,97,76,69,43,62,75,39,96,61,98,92,96,96,16,11,39,59.03125,79,90,98,98,99,99,98,96,76,8
Anthony Gordon,21,Right,Att Mid / Wingers,1582,0.2299804688,0.2800292969,0.09002685547,6.37109375,1.928710938,16,27.1875,66.6875,12.2265625,0.7998046875,1.080078125,0.91015625,1.928710938,2.220703125,1.309570313,0.05999755859,2.73046875,0.3400878906,42.03125,20.078125,4.2109375,3.751953125,1.01953125,69.4375,2.73046875,2.05078125,1.370117188,4.609375,0.509765625,0,60.03125,77,16,42,52,64,22,23,27,13,20,32,11,15.0078125,5,42,97,30.015625,26,32,61,54,25,26,44,57,68,44,47
Chris Wood,31,Right,Forwards,818,0.2199707031,0.2199707031,0.05996704102,3.849609375,1.209960938,13,19.46875,31.703125,7.265625,0.66015625,0.8798828125,0.330078125,1.209960938,1.209960938,0.8798828125,0,0.5498046875,0.2199707031,27.296875,10.0078125,2.640625,0.4399414063,0.1099853516,14.53125,0.330078125,0.330078125,0,2.310546875,4.62109375,0,33,18,8,6,3,69,29.984375,26,23,13,40,21,21,3,3,33,23,43,16,3,4,1,1,1,1,4,2,31.015625,96
Morgan Gibbs-White,22,Right,Att Mid / Wingers,3152,0.09002685547,0.1500244141,0.2399902344,4.828125,1.709960938,19.59375,33.5,122.1875,11.3671875,1.911132813,2.2890625,1.169921875,4.078125,3.509765625,2.109375,0.7998046875,0.830078125,0.4299316406,44.71875,20.8125,2.2890625,2.970703125,1.400390625,66.375,2.08984375,1.860351563,0.5698242188,4.6015625,1.66015625,0,19,31,84,20,35,22,48,73,20,82,71,53,64,66,45,90,13,43,43,40,14,37,49,23,22,48,21,43,89
Brennan Johnson,21,Right,Att Mid / Wingers,2934,0.2099609375,0.1899414063,0.09997558594,4.75,1.599609375,16.59375,15.4921875,24.8125,4.75,0.8598632813,0.3701171875,0.5498046875,0.919921875,1.690429688,1.099609375,0,1.040039063,0.1500244141,24.71875,13.3125,3.560546875,2.69921875,1.009765625,64.75,2.69921875,1.41015625,1.290039063,2.73046875,0.5498046875,0,57,49,21,19,27,52,1,1,1,15,4,7,1,3,1,16,27,6,1,4,47,29,24,22,41,18,63.03125,4,52
Taiwo Awoniyi,25,Right,Forwards,1404,0.6401367188,0.419921875,0.07000732422,3.529296875,2.240234375,11.796875,14.2890625,19.234375,6.1484375,0.6401367188,0.3798828125,0.1300048828,0.7700195313,1.599609375,1.150390625,0,1.08984375,0.2600097656,27.875,13.0078125,3.529296875,1.41015625,0.4499511719,33.96875,1.150390625,0.830078125,0.580078125,3.58984375,1.280273438,0,92,75,30,3,38,92,4,8,11,8,8,4,6,13,21,33,72,57,18,13,19,25,11,36,26,36,31,77,40
Jesse Lingard,30,Right,Att Mid / Wingers,923,0,0.09997558594,0.07000732422,3.7109375,0.9799804688,19.296875,28.953125,87.4375,11.796875,1.0703125,2.630859375,0.6801757813,3.220703125,2.439453125,1.759765625,0.09997558594,0.3898925781,0.4899902344,36.1875,12.8671875,1.559570313,0.9799804688,0.58984375,51.375,1.0703125,1.169921875,0,3.802734375,0.09997558594,0,4,10,9,8,2,25,26,41,23,32,76,20,48,18,21,54,1,56,9,2,3,3,5,5,2,11,1,22,3
Emmanuel Dennis,25,Right,Att Mid / Wingers,720,0.25,0.2399902344,0.08001708984,7.87890625,2.630859375,13.203125,22.875,47.75,9,0.8798828125,0.8798828125,0.5,2.130859375,3.130859375,1.75,0.1300048828,2.130859375,0.25,41.875,22.125,5,6.62890625,2.25,105,3,1.879882813,1,4.75,1.629882813,0,65,66,12,61,86,94,7,9,9,16,12,5,17,45,20,55,83,19,26,49,73,96,89,71,53,52,46,52,88
Chris Wood,31,Right,Forwards,818,0.2199707031,0.2199707031,0.05996704102,3.849609375,1.209960938,13,19.46875,31.703125,7.265625,0.66015625,0.8798828125,0.330078125,1.209960938,1.209960938,0.8798828125,0,0.5498046875,0.2199707031,27.296875,10.0078125,2.640625,0.4399414063,0.1099853516,14.53125,0.330078125,0.330078125,0,2.310546875,4.62109375,0,33,18,8,6,3,69,29.984375,26,23,13,40,21,21,3,3,33,23,43,16,3,4,1,1,1,1,4,2,31.015625,96
Gustavo Scarpa,28,Left,Att Mid / Wingers,3160,0.1387939453,0.2274169922,0.3940429688,8.890625,4.015625,25.59375,48.28125,233.875,11.734375,3.7578125,3.73046875,1.649414063,5.15234375,6.8984375,2.9921875,2.568359375,0.68359375,0.5092773438,59.6875,32.78125,2.390625,2.306640625,0.8793945313,99,2.6484375,2.05078125,0.5668945313,4.66796875,0.6557617188,0,42.40625,73,95.0625,73.5625,99,4.37109375,82.3125,94.3125,37.75,95.6875,82.8125,73.3125,74.625,97.875,77.0625,98.4375,9.0703125,45.28125,82.875,94.3125,28.859375,27.703125,20.625,63.84375,51.75,54.21875,41.34375,47.78125,50.09375
Mohamed Elyounoussi,28,Right,Midfielders,2168,0.04000854492,0.1500244141,0.09008789063,4.0703125,1.490234375,15.7890625,26.265625,67.9375,11.2890625,0.7495117188,1.329101563,0.7900390625,2.080078125,1.700195313,1.41015625,0,1.91015625,1.120117188,39.53125,15.03125,2.240234375,1.951171875,1,60.71875,2.3203125,1.700195313,0.5,5.48046875,1.540039063,0,40,79,44,71,73,89,5,1,7,36,2.998046875,45,2,22,28,20,42,62,5.99609375,55,67,59.03125,60,35,78,75,76,31,86
Che Adams,26,Right,Forwards,1992,0.2301025391,0.3000488281,0.1300048828,5.19921875,2.119140625,13.796875,22.5,47.09375,9.2578125,1.080078125,0.9497070313,0.5,1.540039063,2.580078125,1.990234375,0.04998779297,0.7700195313,0.1800537109,32.375,17.03125,4.6484375,1.490234375,0.7202148438,21.1875,0.7700195313,0.5,0.4099121094,2.390625,2.759765625,0,35,45,55,47.03125,31,62,55,55,48,62,43,42,43,59.96875,74,72,43,36,35,57,55,26,36,6,13,9,18,36,86
Stuart Armstrong,30,Right,Midfielders,1408,0.1300048828,0.1500244141,0.1400146484,5.62890625,1.469726563,17.90625,43.21875,142.125,18.921875,1.150390625,3.001953125,2.05078125,4.7890625,3.19921875,2.490234375,0.05999755859,2.05078125,0.6401367188,55.21875,21.796875,2.369140625,3.3203125,1.41015625,122.0625,3.900390625,2.880859375,0.6401367188,5.30859375,0.3798828125,0,67,82,76,86,72,68,46,37,53,58,37,96.0625,55,74,80,53,47,19,49,83,70,90,84,90,99,98,86,24.015625,13
Adam Armstrong,25,Right,Att Mid / Wingers,1335,0.1300048828,0.1400146484,0.09002685547,4.71875,1.690429688,15.8984375,20.359375,39.4375,8.09375,0.740234375,0.8798828125,0.669921875,1.081054688,1.620117188,1.280273438,0,0.9399414063,0.3400878906,30.875,14.96875,3.099609375,2.900390625,0.8798828125,67.125,2.630859375,1.959960938,0.740234375,3.640625,0.3400878906,0,34,26,20,18,34,67,3,5,4,10,12,19.015625,2,1,4,16,21,29,4,9,32,35.03125,14,24,38.03125,54,34,20,30
Joe Aribo,26,Left,Att Mid / Wingers,1224,0.1500244141,0.1099853516,0.05999755859,4.7109375,1.030273438,10.8984375,28.3125,66.6875,13.75,0.66015625,1.469726563,0.66015625,2.869140625,1.989257813,1.69140625,0,2.279296875,0.740234375,41.625,16.3125,3.3828125,2.869140625,1.25,45.21875,1.400390625,0.740234375,0.509765625,5.5859375,2.2109375,0,38,14,5,15,6,99.0625,23,24,42.03125,5,43,15,38,9,18,16,89.0625,79.0625,25,13.0078125,41,34,41,3,8,3,18,77,95
Theo Walcott,33,Right,Att Mid / Wingers,1129,0.1600341797,0.1800537109,0.1600341797,4.94140625,1.58984375,16.90625,20.875,41.125,9.5703125,1.200195313,0.5600585938,0.5600585938,1.120117188,2.23046875,1.831054688,0,1.040039063,0.7202148438,30.609375,13.46875,3.509765625,1.91015625,0.9599609375,59.75,1.669921875,0.9599609375,0.7993164063,4.23046875,0.7202148438,0,39,44,55,21,26,47.96875,4,5.99609375,10,38,5,8,2.998046875,16,28.984375,16,25,76,2.998046875,5,44,11,18,13,11.9921875,5,36,34,63
Carlos Alcaraz,20,,Att Mid / Wingers,1029,0.3498535156,0.1700439453,0.05996704102,2.798828125,2.099609375,20,25.34375,58.5,9.96875,0.4399414063,1.75,0.5200195313,2.44921875,1.918945313,1.219726563,0,0.8701171875,0.09002685547,37.625,11.359375,2.009765625,2.44921875,1.139648438,59,1.75,1.490234375,0.1700439453,4.640625,0.6098632813,0,81,40,6,5,60.96875,16,14,12,12,1,57,6,23.015625,7,2,16,19,2,13,1,8,22,32,12,13,25,3,46.96875,53.96875
Kamaldeen Sulemana,20,Right,Att Mid / Wingers,1151,0.1594238281,0.150390625,0.1167602539,7.03125,2.349609375,18.71875,24.546875,57.5625,9.78125,1.405273438,1.090820313,0.859375,3.046875,3.521484375,2.193359375,0,1.48828125,0.705078125,40.1875,20.71875,3.833984375,6.49609375,3.28125,95.9375,2.970703125,2.349609375,1.48828125,3.75,0.6293945313,0,23.03125,7.73046875,47.78125,69.0625,44.25,12.703125,55.3125,58.4375,44.5,70.3125,48.4375,65.875,75.3125,86.375,73.25,31.703125,86.3125,93,65.125,65.0625,33.75,98.5,97.25,91.5,78.9375,85.6875,77.1875,73,23.34375
Samuel Edozie,19,,Att Mid / Wingers,567,0,0.1400146484,0.05996704102,6.19140625,1.26953125,16.5,26.03125,56.1875,11.90625,1.26953125,0.9501953125,0.9501953125,2.060546875,3.169921875,2.060546875,0,2.697265625,0.9501953125,44.125,23.484375,5.078125,5.87109375,1.900390625,117.625,4.12890625,3.330078125,2.060546875,4.76171875,0.9501953125,0,4,28,9,37,15,53,19,10,23,40,13.0078125,36,15,46,45,16,96,93,40,62.03125,73,94.0625,77,85,85,96,86,54,74
Sekou Mara,20,Right,Forwards,555,0.1600341797,0.1600341797,0.1300048828,4.37890625,2.7578125,16.203125,17.34375,26.265625,7.140625,0.9702148438,0.9702148438,0.3200683594,1.139648438,1.950195313,1.299804688,0,2.26953125,0.1600341797,35.84375,16.703125,4.21875,4.69921875,2.109375,46.6875,1.139648438,1.459960938,0.3200683594,4.05078125,4.05078125,0,18,8,62,16,64,25.015625,21,18,21,53.03125,45,18,18,33,38,33,99,31,57,53.03125,38,91.0625,94.0625,48,23,74,14,86,92
Harry Kane,29,Right,Forwards,4528,0.515625,0.392578125,0.1951904297,5.82421875,3.060546875,16.5625,25.25,111.25,7.78515625,1.4140625,2.80078125,1.190429688,4.69140625,3.357421875,2.22265625,0.05822753906,0.3615722656,0.07733154297,35.84375,16.484375,4.2890625,2.818359375,1.03515625,49.0625,1.59375,1.291015625,0.5805664063,2.642578125,1.844726563,0,75.5,68.625,77,52.4375,73.625,26.015625,62.96875,91.6875,30.453125,77.625,93.75,81.5625,93.75,86.6875,78.6875,72.5625,14.453125,18.8125,57.71875,53.96875,44.75,71.125,60.21875,53.875,55.03125,65.375,33.21875,46.46875,65.1875
Son Heung-min,30,Right,Att Mid / Wingers,3866,0.2780761719,0.2758789063,0.2077636719,6.4453125,2.44140625,18.34375,28.515625,75.5625,12.5234375,1.838867188,0.8623046875,0.9555664063,2.373046875,3.677734375,2.07421875,0.90625,0.9096679688,0.3767089844,38.53125,20.90625,3.279296875,2.771484375,1.001953125,71.625,2.634765625,1.884765625,1.00390625,3.376953125,0.2330322266,0,69.6875,77.3125,70.5,40.875,78.5625,36.4375,23.296875,28.609375,29.578125,73.9375,11.3046875,37.5625,22.65625,66.5625,46.1875,91.4375,21.71875,38.90625,17.390625,34.53125,38.96875,30.234375,27.953125,28.15625,39.4375,48.71875,48.6875,18.53125,19.65625
Dejan Kulusevski,22,Left,Att Mid / Wingers,2268,0.08209228516,0.1081542969,0.1948242188,8.8203125,1.82421875,17.453125,33.3125,87.75,15.640625,2.029296875,0.6752929688,1.624023438,2.861328125,4.2421875,3.0546875,0.2005615234,1.704101563,0.5590820313,46.84375,23.828125,4.56640625,4.8828125,2.06640625,108.375,3.771484375,2.0625,1.985351563,6.03125,0.1185913086,0,20.46875,16.359375,70.25,73.125,43.96875,45.21875,43.875,39.46875,58.96875,84.9375,8.59375,73.9375,38.15625,84.125,85.9375,55.90625,57.1875,62.40625,49.28125,57.71875,68.625,78.8125,82.375,73.4375,76.6875,56.8125,84.5,82.75,5.82421875
Richarlison,25,Right,Att Mid / Wingers,1698,0.3188476563,0.3491210938,0.2152099609,6.46484375,2.388671875,12.7265625,23.65625,59.34375,9.1171875,1.592773438,1.1171875,0.7944335938,2.388671875,2.916015625,2.013671875,0,1.37890625,0.4262695313,36.8125,18.078125,5.6171875,2.4921875,0.7958984375,63.21875,2.490234375,1.696289063,0.90234375,4.55859375,1.375976563,0,49.53125,79.5,71.4375,46.4375,69.125,90.125,12.5703125,22.328125,14.7109375,65,30.203125,36.59375,31.28125,47.59375,50.34375,23.046875,61.1875,50.5,18.1875,32.40625,82.625,39.28125,26.28125,30.46875,48.84375,43.03125,47.8125,56.53125,77.6875
Bryan Gil,21,Left,Att Mid / Wingers,1352,0.1358642578,0.2094726563,0.07318115234,7.98828125,1.53125,15.0625,35.40625,84.4375,17.171875,0.86328125,1.329101563,0.8642578125,2.533203125,2.529296875,1.931640625,0,2,0.86328125,48.875,25.5625,2.66015625,4.66015625,1.86328125,85.1875,3,2.0625,0.5986328125,5.52734375,0.3322753906,0,46.53125,57.125,14.125,63.15625,26.515625,82.125,47.5,40.3125,61.78125,16.453125,35.5625,32.28125,28.59375,20.421875,31.59375,17.546875,84.375,84.25,49.5,55.90625,29.484375,71.875,62.0625,36.40625,44.71875,44.5625,34.96875,75.625,27.359375
Arnaut Danjuma,25,Right,Forwards,714,0.3811035156,0.4553222656,0.1293945313,6.5546875,2.775390625,16.234375,16.890625,34.65625,7.4375,1.008789063,0.7543945313,0.3757324219,0.7583007813,2.517578125,1.514648438,0,0.5009765625,0,25.328125,16.640625,5.04296875,1.634765625,0.6293945313,48,2.265625,0.7543945313,1.762695313,1.514648438,0,0,50.40625,72.875,49.09375,75,47,31.265625,12.3671875,36.90625,28.109375,58.625,34.1875,41.5,13.1796875,66.625,47.21875,36.3125,36,9.28125,8.328125,57.90625,64.1875,38.25,36.875,66.3125,80.625,31.140625,94.3125,7.03515625,1.329101563
Djed Spence,22,Right,Fullbacks,783,0,0.05465698242,0.02536010742,3.44921875,0.5747070313,15.953125,51.46875,142.75,21.375,0.4575195313,3.791015625,0.9248046875,3.90625,1.955078125,1.494140625,0,1.608398438,0.8071289063,62.28125,16.78125,1.611328125,3.791015625,1.95703125,143.75,3.451171875,2.5234375,0.80859375,5.05859375,0.9194335938,0,32.46875,69.1875,12.578125,31.203125,49.1875,76.4375,50.15625,11,64.8125,20.890625,80.25,47.84375,49.25,52.09375,42.5,19.21875,39.75,24.46875,52.0625,52.0625,55.53125,89.3125,89.4375,87.25,88.0625,85,89.1875,31.6875,52
Jarrod Bowen,26,Left,Att Mid / Wingers,3974,0.2052001953,0.2310791016,0.2359619141,6.5,2.05859375,16.078125,25,66.75,8.9921875,1.337890625,1.203125,0.5893554688,2.146484375,3.01171875,1.671875,0.3864746094,1.067382813,0.9716796875,37,19.75,4.64453125,3.07421875,1.061523438,63.59375,2.830078125,1.37890625,1.540039063,4.1640625,0.9086914063,0,44.71875,57.96875,78.0625,42.0625,57.125,63.125,12.171875,24.328125,10.109375,45.1875,26.765625,14.1328125,17.671875,40.5,20.046875,71.8125,30.171875,90.9375,12.9765625,31.09375,68.5,41.5,26.046875,19.71875,51.1875,21.40625,72.75,35.1875,72
Saïd Benrahma,27,Right,Att Mid / Wingers,2770,0.1000976563,0.2208251953,0.1923828125,10.234375,3.1484375,21.296875,35.90625,93,17.25,1.8515625,1.4609375,1.169921875,3.671875,4.08984375,3.025390625,0.06719970703,1.008789063,0.51953125,48.53125,26.375,4.41796875,5.1328125,2.208984375,117.1875,4.80859375,2.2421875,1.946289063,4.74609375,0.2301025391,0,26.59375,54.4375,66.5,87.5,89.75,14.359375,57.28125,46.78125,70.0625,74.0625,39.0625,50.625,58.78125,79.5,83.0625,44.625,27.203125,49.9375,59.0625,74.5625,65.875,84.4375,85,85.25,90.25,69.6875,86.8125,56.1875,19.09375
Michail Antonio,32,Right,Forwards,2434,0.4089355469,0.3522949219,0.08984375,6.0234375,2.21875,11.8046875,17.671875,27.390625,6.17578125,1.000976563,0.6645507813,0.3305664063,1.294921875,2.146484375,1.404296875,0,0.7026367188,0.2252197266,30.0625,15.859375,4.29296875,3.109375,1.442382813,64.9375,2.625,1.478515625,1.001953125,2.072265625,2.4765625,0,55.90625,56.71875,33.15625,62.25,37.6875,87.75,20,18.46875,14.703125,41.40625,26.46875,25.25,30.015625,41.71875,37.1875,35.5,43.46875,49.75,28.984375,49.21875,42.9375,78.75,75.75,75.25,78.25,70.6875,70.6875,19.765625,77.8125
Pablo Fornals,26,Right,Att Mid / Wingers,1929,0.2795410156,0.1676025391,0.1618652344,6.71875,2.0078125,21.71875,50.15625,176.125,18.328125,1.49609375,3.87109375,0.9345703125,5.73828125,3.96484375,3.123046875,0.326171875,1.541015625,0.7939453125,59.65625,23.109375,2.5703125,1.588867188,0.7944335938,76.625,1.963867188,1.49609375,0.7001953125,8.1171875,0.748046875,0,57.28125,33.5,39.34375,45.0625,40.375,13.4921875,88.1875,89.625,70.5,50.71875,90.625,35.15625,88.0625,68.75,82.875,66.0625,55.40625,81.75,83,52.84375,22.375,12.171875,16.9375,37.3125,19.328125,25.546875,32.21875,99,62.09375
Gianluca Scamacca,23,Right,Forwards,1189,0.4536132813,0.2995605469,0.07666015625,5.7578125,3.259765625,18.375,19.828125,45.875,6.8125,1.284179688,1.741210938,0.5322265625,2.1953125,2.64453125,2.193359375,0,0.9057617188,0.4541015625,30.65625,14.7578125,3.857421875,1.891601563,0.6796875,34.375,1.359375,0.908203125,0.3012695313,2.427734375,1.588867188,0,64.5,41.03125,32.0625,36.6875,77.75,9.5390625,33.375,53.625,20.71875,71.875,79.375,45.71875,61.71875,60.625,77.125,35.1875,58.875,74.875,28.484375,25.671875,30.953125,35.8125,39.75,33.375,38.75,38.375,17.859375,35.71875,51.03125
Danny Ings,30,Right,Forwards,1599,0.3400878906,0.3798828125,0.119934082,5.0703125,2.25,13.8984375,17.453125,33.25,7.76953125,0.83984375,1.009765625,0.3400878906,1.349609375,1.580078125,1.290039063,0,1.0703125,0.2299804688,27.921875,13.7265625,4.83984375,1.91015625,0.83984375,29.265625,1.349609375,0.7900390625,0.6801757813,2.58984375,1.41015625,0,64,59,53,42,40,60,25,35,30,38,50,25,35,11,36,33,69,45,19,21,65,40,42,23,36,30.984375,42,45,45
Manuel Lanzini,29,Right,Midfielders,698,0,0.05999755859,0.1300048828,3.740234375,1.030273438,22.109375,81,319.25,40.09375,1.6796875,6.828125,1.030273438,7.98828125,4,2.970703125,0.6401367188,1.290039063,0.76953125,87.9375,21.15625,1.549804688,1.9296875,1.290039063,110,2.3203125,2.44921875,0.2600097656,8.515625,0,0,32,46,72,70,47,45,96,92,99,78,90,69,92,85,85,78,29,30,97,81,58,63,74,78,74,80,61,93,4
Conor Coventry,22,Right,Midfielders,1307,0,0.01000213623,0.08001708984,0.5498046875,0.4799804688,25.59375,40.96875,154.125,13.2890625,1.099609375,3.1015625,0.6201171875,3.859375,1.790039063,1.240234375,0.4799804688,2.0703125,1.240234375,50.875,15.5625,0.4099121094,0.830078125,0.5498046875,35.9375,0.6201171875,0.5498046875,0.07000732422,7.78125,1.71875,0,14,5,45,10,13,12,49,49,39,63,52.96875,41,50,33,29,75,61,77,48,65,15,25,41,12,22,14,25,90,83
Nikola Vlašić,25,Right,Att Mid / Wingers,2936,0.1580810547,0.1422119141,0.1301269531,6.98828125,1.779296875,17.953125,31.75,78.6875,14.5625,1.932617188,2.26953125,0.8603515625,3.375,3.64453125,3.037109375,0.1580810547,1.015625,0.3374023438,42.21875,20.828125,3.8046875,2.236328125,1.01171875,73.0625,2.724609375,1.904296875,0.8857421875,4.2265625,0.8227539063,0,47.4375,38.53125,47.65625,54.875,42.4375,61.53125,28.515625,23.3125,50.875,82.875,62.15625,29.5,51.03125,61.46875,83.5625,50.8125,39.9375,39.09375,23.53125,39.875,57.8125,28.296875,32.4375,32.875,49.21875,51.8125,53.875,46.9375,70.3125
Daniel Podence,27,Right,Att Mid / Wingers,1771,0.3000488281,0.1999511719,0.1300048828,7.515625,2.189453125,16.5,33.6875,117.4375,11.5390625,1.830078125,1.78125,1.98046875,4.828125,3.509765625,2.33984375,0.4599609375,1.370117188,0.3601074219,45.1875,23.171875,3.5625,3.099609375,1.219726563,62.46875,2.189453125,1.419921875,1.01953125,4.421875,0.3000488281,0,74,51,36,55,65,53.03125,49,71,21,77,59.03125,90,80,65,57,77,43,31.015625,46,57,46,43,39,20,26,20,46,37,27
Diego Costa,34,Right,Forwards,1241,0.07000732422,0.2299804688,0.04998779297,4.3515625,2.029296875,12,16.03125,22.625,6.73828125,0.7998046875,0.6499023438,0.2900390625,0.9399414063,1.669921875,1.08984375,0,0.2199707031,0.1500244141,24.296875,11.6796875,4.28125,0.7299804688,0.3601074219,24.796875,1.379882813,0.6499023438,0.7998046875,1.809570313,2.1796875,0,6,23,6,14,28,87,9,9,14,35,25,13,13,19,13,33,4,25,4,6,40,3,8,16,40,19,57,9,75
Pedro Neto,22,Left,Att Mid / Wingers,964,0,0.1000366211,0.2000732422,10.359375,1.58984375,20.703125,35.84375,96.625,15.390625,1.870117188,1.209960938,0.8393554688,2.240234375,3.830078125,2.150390625,0.5600585938,1.030273438,0.3701171875,48.28125,27.828125,4.2890625,5.0390625,1.678710938,110.25,3.44921875,2.240234375,1.678710938,4.76171875,0,0,4,11,70,89,25,14.0078125,61,54,59,78,26,28.984375,19,75,46,81,24,34,62,78,63.03125,85,63.03125,77,70,70,76,54,1
Adama Traoré,26,Right,Att Mid / Wingers,1496,0.1199951172,0.08001708984,0.2199707031,9.390625,1.139648438,15,29.71875,73.875,11.90625,1.440429688,1.01953125,1.3203125,2.169921875,2.650390625,2.23046875,0,0.83984375,0.1800537109,42.9375,22.796875,3.369140625,6.26171875,2.94921875,126.8125,5.109375,2.470703125,1.5,3.970703125,2.349609375,0,26,6,80,81,13,83,30,30,24,55,15,62.96875,18,25,49,16,14,9,31,54,40,95,95,89,94,79,69,27,97
Hwang Hee-chan,26,Right,Forwards,1130,0.2399902344,0.2299804688,0.09002685547,4.78125,1.4296875,15.0078125,22.296875,52,9.71875,0.7998046875,0.7202148438,0.7998046875,2.390625,2.390625,1.990234375,0,1.588867188,0.3999023438,33.84375,14.9609375,3.029296875,2.55078125,1.040039063,55.90625,1.990234375,0.8798828125,0.5600585938,3.580078125,0.5600585938,0,42.03125,21.015625,34,26,8,46,52,60.03125,49.96875,33,31,70,69,55,75,33,89,74,49.96875,38,8,60.03125,55,65,60.03125,42.03125,28,75,18
Matheus Cunha,23,Right,Forwards,965,0.1898193359,0.1898193359,0.05999755859,4.01171875,2.419921875,19.40625,21.8125,32.90625,9.7890625,0.6499023438,0.4702148438,0.2800292969,1.309570313,1.9609375,1.490234375,0.09002685547,0.6499023438,0.83984375,34.6875,13.7109375,4.19921875,3.640625,2.419921875,42.8125,1.490234375,0.5600585938,0.6499023438,4.66015625,0.6499023438,0,25,11,9,9,53,4,48,31,52,11,13,11,30,35,50,89,36,97,53,19,36,82,99,47,48,11,40,92,21
Pablo Sarabia,30,Left,Att Mid / Wingers,765,0.119934082,0.3601074219,0.09002685547,6.3515625,2.349609375,14.796875,42.9375,148.25,17.765625,1.290039063,3.060546875,1.759765625,4.8203125,3.650390625,2.470703125,0.58984375,1.41015625,0.2398681641,52.9375,23.40625,2.58984375,1.41015625,0.2398681641,61.40625,2,1.759765625,0.4699707031,4.94140625,0.3500976563,0,26,89,20,41,70,84,82,87,73,40,85,85,80,70,65,82,45,13,77,62,18,5,1,16,18,45,14,62,33
Raúl Jiménez,31,Right,Forwards,846,0,0.2800292969,0.1800537109,4.7890625,2.130859375,14.5,21.0625,37.125,9.1484375,0.8500976563,0.8500976563,0.740234375,1.490234375,1.91015625,1.280273438,0,0.9599609375,0,31.171875,13.5078125,4.6796875,1.059570313,0.5297851563,25.640625,0.5297851563,0.3200683594,0.2099609375,2.23046875,2.55078125,0,2,36,77,28.015625,33,53,38,45,45,43,35,64,40,28.015625,33,33,58,3,30.984375,18,56.96875,11,21,18,6,1,8,26,82
Gonçalo Guedes,26,Right,Att Mid / Wingers,707,0.1300048828,0.1500244141,0.05999755859,6.87109375,2.419921875,18.40625,25.59375,66.9375,10.4375,1.150390625,1.400390625,1.01953125,2.0390625,3.439453125,1.91015625,0.3798828125,1.01953125,0.1300048828,35.625,19.484375,3.8203125,1.91015625,0.6401367188,82,2.55078125,1.530273438,0.8901367188,4.328125,0.8901367188,0,30,33,9,48,74,31,18,24,15,34,36,44,14,64,41,73,23,5,7,28,53,10,7,45,35,28,40,35,72
Morgan Gibbs-White,22,Right,Att Mid / Wingers,3152,0.09002685547,0.1500244141,0.2399902344,4.828125,1.709960938,19.59375,33.5,122.1875,11.3671875,1.911132813,2.2890625,1.169921875,4.078125,3.509765625,2.109375,0.7998046875,0.830078125,0.4299316406,44.71875,20.8125,2.2890625,2.970703125,1.400390625,66.375,2.08984375,1.860351563,0.5698242188,4.6015625,1.66015625,0,19,31,84,20,35,22,48,73,20,82,71,53,64,66,45,90,13,43,43,40,14,37,49,23,22,48,21,43,89